card_type,card_set,card_name,quest_type,plot_quest,intrigue_type,building_cost,quest_requirement_text,quest_reward_text,static_resources_text,owner_resources_text,resource_accum_text,card_text,possible_lore_text,card_scene_name,image_large_id,image_file,display_name,source_file,variant_count,variant_card_names,translation_versions,zh_codex_name,zh_codex_card_text,zh_codex_possible_lore_text
building,base,Caravan Court,,False,,4,,,,1 fighter,"When this Building is put into play and at the start of each round, place 2 Fighters on this space.","Take all Fighters from this space. Owner takes 1 Fighter. When this Building is put into play and at the start of each round, place 2 Fighters on this space.",,LW_Buildings_01,,,Caravan Court,cards_buildings.lua,1,,"{""zh_codex"": {""label"": ""中文校译"", ""source"": ""Codex building translation using locked project terminology and local DND references, 2026-05-29"", ""name"": ""商队庭院"", ""card_text"": ""拿取此行动格上的所有战士。拥有者拿取 1 个战士。此建筑放入场上时以及每轮开始时，在此行动格上放置 2 个战士。"", ""possible_lore_text"": """"}}",商队庭院,拿取此行动格上的所有战士。拥有者拿取 1 个战士。此建筑放入场上时以及每轮开始时，在此行动格上放置 2 个战士。,
building,base,Dragon Tower,,False,,3,,,1 wizard,,,Take 1 Wizard and 1 Intrigue card. Owner takes 1 Intrigue card.,,LW_Buildings_02,,,Dragon Tower,cards_buildings.lua,1,,"{""zh_codex"": {""label"": ""中文校译"", ""source"": ""Codex building translation using locked project terminology and local DND references, 2026-05-29"", ""name"": ""巨龙塔"", ""card_text"": ""拿取 1 个法师和 1 张阴谋卡。拥有者拿取 1 张阴谋卡。"", ""possible_lore_text"": """"}}",巨龙塔,拿取 1 个法师和 1 张阴谋卡。拥有者拿取 1 张阴谋卡。,
building,base,Fetlock Court,,False,,8,,,2 fighter; 1 wizard,,,Take 2 Fighters and 1 Wizard. Owner takes 1 Fighter or 1 Wizard.,,LW_Buildings_03,,,Fetlock Court,cards_buildings.lua,1,,"{""zh_codex"": {""label"": ""中文校译"", ""source"": ""Codex building translation using locked project terminology and local DND references, 2026-05-29"", ""name"": ""马蹄庭院"", ""card_text"": ""拿取 2 个战士和 1 个法师。拥有者拿取 1 个战士或 1 个法师。"", ""possible_lore_text"": """"}}",马蹄庭院,拿取 2 个战士和 1 个法师。拥有者拿取 1 个战士或 1 个法师。,
building,base,The Golden Horn,,False,,4,,,,2 gold,"When this Building is put into play and at the start of each round, place 4 Gold on this space.","Take all Gold from this space. Owner takes 2 Gold. When this Building is put into play and at the start of each round, place 4 Gold on this space.",,LW_Buildings_04,,,"Golden Horn, The",cards_buildings.lua,1,,"{""zh_codex"": {""label"": ""中文校译"", ""source"": ""Codex building translation using locked project terminology and local DND references, 2026-05-29"", ""name"": ""金角号"", ""card_text"": ""拿取此行动格上的所有金币。拥有者拿取 2 金币。此建筑放入场上时以及每轮开始时，在此行动格上放置 4 金币。"", ""possible_lore_text"": """"}}",金角号,拿取此行动格上的所有金币。拥有者拿取 2 金币。此建筑放入场上时以及每轮开始时，在此行动格上放置 4 金币。,
building,base,Helmstar Warehouse,,False,,3,,,2 gold; 2 rogue,1 rogue,,Take 2 Rogues and 2 Gold. Owner takes 1 Rogue.,,LW_Buildings_05,,,Helmstar Warehouse,cards_buildings.lua,1,,"{""zh_codex"": {""label"": ""中文校译"", ""source"": ""Codex building translation using locked project terminology and local DND references, 2026-05-29"", ""name"": ""赫姆斯塔仓库"", ""card_text"": ""拿取 2 个盗贼和 2 金币。拥有者拿取 1 个盗贼。"", ""possible_lore_text"": """"}}",赫姆斯塔仓库,拿取 2 个盗贼和 2 金币。拥有者拿取 1 个盗贼。,
building,base,Heroes' Garden,,False,,4,,,,2 VP,,"Take 1 face-up Quest card from Cliffwatch Inn. You may immediately complete that Quest. If you do, score 4 VP. Owner scores 2 VP.",,LW_Buildings_06,,,Heroes' Garden,cards_buildings.lua,1,,"{""zh_codex"": {""label"": ""中文校译"", ""source"": ""Codex building translation using locked project terminology and local DND references, 2026-05-29"", ""name"": ""英雄花园"", ""card_text"": ""从崖望旅馆拿取 1 张面朝上的任务卡。你可以立即完成该任务；若如此做，获得 4 VP。拥有者获得 2 VP。"", ""possible_lore_text"": """"}}",英雄花园,从崖望旅馆拿取 1 张面朝上的任务卡。你可以立即完成该任务；若如此做，获得 4 VP。拥有者获得 2 VP。,
building,base,House of Good Spirits,,False,,3,,,1 fighter,1 fighter,,Take 1 Fighter and 1 Adventurer of any kind. Owner takes 1 Fighter.,,LW_Buildings_07,,,House of Good Spirits,cards_buildings.lua,1,,"{""zh_codex"": {""label"": ""中文校译"", ""source"": ""Codex building translation using locked project terminology and local DND references, 2026-05-29"", ""name"": ""佳酿之家"", ""card_text"": ""拿取 1 个战士和任意 1 个冒险者。拥有者拿取 1 个战士。"", ""possible_lore_text"": """"}}",佳酿之家,拿取 1 个战士和任意 1 个冒险者。拥有者拿取 1 个战士。,
building,base,House of Heroes,,False,,8,,,1 cleric; 2 fighter,,,Take 1 Cleric and 2 Fighters. Owner takes 1 Cleric or 1 Fighter.,,LW_Buildings_08,,,House of Heroes,cards_buildings.lua,1,,"{""zh_codex"": {""label"": ""中文校译"", ""source"": ""Codex building translation using locked project terminology and local DND references, 2026-05-29"", ""name"": ""英雄之家"", ""card_text"": ""拿取 1 个牧师和 2 个战士。拥有者拿取 1 个牧师或 1 个战士。"", ""possible_lore_text"": """"}}",英雄之家,拿取 1 个牧师和 2 个战士。拥有者拿取 1 个牧师或 1 个战士。,
building,base,House of the Moon,,False,,3,,,1 cleric,2 gold,,Take 1 Cleric and 1 face-up Quest from Cliffwatch Inn. Owner takes 2 Gold.,,LW_Buildings_09,,,House of the Moon,cards_buildings.lua,1,,"{""zh_codex"": {""label"": ""中文校译"", ""source"": ""Codex building translation using locked project terminology and local DND references, 2026-05-29"", ""name"": ""月之屋"", ""card_text"": ""拿取 1 个牧师，并从崖望旅馆拿取 1 张面朝上的任务卡。拥有者拿取 2 金币。"", ""possible_lore_text"": """"}}",月之屋,拿取 1 个牧师，并从崖望旅馆拿取 1 张面朝上的任务卡。拥有者拿取 2 金币。,
building,base,House of Wonder,,False,,4,,,,2 gold,,Spend 2 Gold. Take 2 x Cleric/Wizard. Owner takes 2 Gold.,,LW_Buildings_10,,,House of Wonder,cards_buildings.lua,1,,"{""zh_codex"": {""label"": ""中文校译"", ""source"": ""Codex building translation using locked project terminology and local DND references, 2026-05-29"", ""name"": ""奇迹殿"", ""card_text"": ""支付 2 金币。拿取共 2 个牧师/法师，任意组合。拥有者拿取 2 金币。"", ""possible_lore_text"": """"}}",奇迹殿,支付 2 金币。拿取共 2 个牧师/法师，任意组合。拥有者拿取 2 金币。,
building,base,Jesters' Court,,False,,4,,,,1 rogue,"When this Building is put into play and at the start of each round, place 2 Rogues on this space.","Take all Rogues from this space. Owner takes 1 Rogue. When this Building is put into play and at the start of each round, place 2 Rogues on this space.",,LW_Buildings_11,,,Jesters' Court,cards_buildings.lua,1,,"{""zh_codex"": {""label"": ""中文校译"", ""source"": ""Codex building translation using locked project terminology and local DND references, 2026-05-29"", ""name"": ""弄臣庭院"", ""card_text"": ""拿取此行动格上的所有盗贼。拥有者拿取 1 个盗贼。此建筑放入场上时以及每轮开始时，在此行动格上放置 2 个盗贼。"", ""possible_lore_text"": """"}}",弄臣庭院,拿取此行动格上的所有盗贼。拥有者拿取 1 个盗贼。此建筑放入场上时以及每轮开始时，在此行动格上放置 2 个盗贼。,
building,base,New Olamn,,False,,8,,,2 rogue; 1 wizard,,,Take 2 Rogues and 1 Wizard. Owner takes 1 Rogue or 1 Wizard.,,LW_Buildings_12,,,New Olamn,cards_buildings.lua,1,,"{""zh_codex"": {""label"": ""中文校译"", ""source"": ""Codex building translation using locked project terminology and local DND references, 2026-05-29"", ""name"": ""新奥拉姆"", ""card_text"": ""拿取 2 个盗贼和 1 个法师。拥有者拿取 1 个盗贼或 1 个法师。"", ""possible_lore_text"": """"}}",新奥拉姆,拿取 2 个盗贼和 1 个法师。拥有者拿取 1 个盗贼或 1 个法师。,
building,base,Northgate,,False,,3,,,2 gold,2 VP,,Take 1 Adventurer of any kind and 2 Gold. Owner scores 2 VP.,,LW_Buildings_13,,,Northgate,cards_buildings.lua,1,,"{""zh_codex"": {""label"": ""中文校译"", ""source"": ""Codex building translation using locked project terminology and local DND references, 2026-05-29"", ""name"": ""北门"", ""card_text"": ""拿取任意 1 个冒险者和 2 金币。拥有者获得 2 VP。"", ""possible_lore_text"": """"}}",北门,拿取任意 1 个冒险者和 2 金币。拥有者获得 2 VP。,
building,base,The Palace of Waterdeep,,False,,4,,,,2 VP,,"Take the Ambassador. At the start of the next round, you assign the Ambassador before any other player's turn. Owner scores 2 VP.",,LW_Buildings_14,,,"Palace of Waterdeep, The",cards_buildings.lua,1,,"{""zh_codex"": {""label"": ""中文校译"", ""source"": ""Codex building translation using locked project terminology and local DND references, 2026-05-29"", ""name"": ""深水城宫殿"", ""card_text"": ""拿取大使。下一轮开始时，你先于其他所有玩家指派大使。拥有者获得 2 VP。"", ""possible_lore_text"": """"}}",深水城宫殿,拿取大使。下一轮开始时，你先于其他所有玩家指派大使。拥有者获得 2 VP。,
building,base,The Skulkway,,False,,4,,,2 gold; 1 fighter; 1 rogue,,,"Take 1 Fighter, 1 Rogue, and 2 Gold. Owner takes 1 Fighter or 1 Rogue.",,LW_Buildings_15,,,"Skulkway, The",cards_buildings.lua,1,,"{""zh_codex"": {""label"": ""中文校译"", ""source"": ""Codex building translation using locked project terminology and local DND references, 2026-05-29"", ""name"": ""潜踪道"", ""card_text"": ""拿取 1 个战士、1 个盗贼和 2 金币。拥有者拿取 1 个战士或 1 个盗贼。"", ""possible_lore_text"": """"}}",潜踪道,拿取 1 个战士、1 个盗贼和 2 金币。拥有者拿取 1 个战士或 1 个盗贼。,
building,base,Spires of the Morning,,False,,4,,,,2 VP,"When this Building is put into play and at the start of each round, place 1 Cleric on this space.","Take all Clerics from this space. Owner scores 2 VP. When this Building is put into play and at the start of each round, place 1 Cleric on this space.",,LW_Buildings_16,,,Spires of the Morning,cards_buildings.lua,1,,"{""zh_codex"": {""label"": ""中文校译"", ""source"": ""Codex building translation using locked project terminology and local DND references, 2026-05-29"", ""name"": ""晨曦尖塔"", ""card_text"": ""拿取此行动格上的所有牧师。拥有者获得 2 VP。此建筑放入场上时以及每轮开始时，在此行动格上放置 1 个牧师。"", ""possible_lore_text"": """"}}",晨曦尖塔,拿取此行动格上的所有牧师。拥有者获得 2 VP。此建筑放入场上时以及每轮开始时，在此行动格上放置 1 个牧师。,
building,base,Smuggler's Dock,,False,,4,,,,2 gold,,Spend 2 Gold. Take 4 x Fighter/Rogue. Owner takes 2 Gold.,,LW_Buildings_17,,,Smuggler's Dock,cards_buildings.lua,1,,"{""zh_codex"": {""label"": ""中文校译"", ""source"": ""Codex building translation using locked project terminology and local DND references, 2026-05-29"", ""name"": ""走私者码头"", ""card_text"": ""支付 2 金币。拿取共 4 个战士/盗贼，任意组合。拥有者拿取 2 金币。"", ""possible_lore_text"": """"}}",走私者码头,支付 2 金币。拿取共 4 个战士/盗贼，任意组合。拥有者拿取 2 金币。,
building,base,The Stone House,,False,,4,,,,2 gold,,Gain 1 Gold for each Building tile in play. Owner takes 2 Gold.,,LW_Buildings_18,,,"Stone House, The",cards_buildings.lua,1,,"{""zh_codex"": {""label"": ""中文校译"", ""source"": ""Codex building translation using locked project terminology and local DND references, 2026-05-29"", ""name"": ""石屋"", ""card_text"": ""场上每有 1 个建筑板块，你获得 1 金币。拥有者拿取 2 金币。"", ""possible_lore_text"": """"}}",石屋,场上每有 1 个建筑板块，你获得 1 金币。拥有者拿取 2 金币。,
building,base,The Three Pearls,,False,,4,,,,2 gold,,Return 2 Adventurers of any kind to the supply. Take 3 Adventurers of any kind. Owner takes 2 Gold.,,LW_Buildings_19,,,"Three Pearls, The",cards_buildings.lua,1,,"{""zh_codex"": {""label"": ""中文校译"", ""source"": ""Codex building translation using locked project terminology and local DND references, 2026-05-29"", ""name"": ""三颗珍珠"", ""card_text"": ""将任意 2 个冒险者返回供应区。拿取任意 3 个冒险者。拥有者拿取 2 金币。"", ""possible_lore_text"": """"}}",三颗珍珠,将任意 2 个冒险者返回供应区。拿取任意 3 个冒险者。拥有者拿取 2 金币。,
building,base,The Tower of Luck,,False,,8,,,1 cleric; 2 rogue,,,Take 1 Cleric and 2 Rogues. Owner takes 1 Cleric or 1 Rogue.,,LW_Buildings_20,,,"Tower of Luck, The",cards_buildings.lua,1,,"{""zh_codex"": {""label"": ""中文校译"", ""source"": ""Codex building translation using locked project terminology and local DND references, 2026-05-29"", ""name"": ""幸运之塔"", ""card_text"": ""拿取 1 个牧师和 2 个盗贼。拥有者拿取 1 个牧师或 1 个盗贼。"", ""possible_lore_text"": """"}}",幸运之塔,拿取 1 个牧师和 2 个盗贼。拥有者拿取 1 个牧师或 1 个盗贼。,
building,base,Tower of the Order,,False,,4,,,,,"When this Building is put into play and at the start of each round, place 1 Wizard on this space.","Take all Wizards from this space. Owner takes 1 Intrigue card. When this Building is put into play and at the start of each round, place 1 Wizard on this space.",,LW_Buildings_21,,,Tower of the Order,cards_buildings.lua,1,,"{""zh_codex"": {""label"": ""中文校译"", ""source"": ""Codex building translation using locked project terminology and local DND references, 2026-05-29"", ""name"": ""秩序之塔"", ""card_text"": ""拿取此行动格上的所有法师。拥有者拿取 1 张阴谋卡。此建筑放入场上时以及每轮开始时，在此行动格上放置 1 个法师。"", ""possible_lore_text"": """"}}",秩序之塔,拿取此行动格上的所有法师。拥有者拿取 1 张阴谋卡。此建筑放入场上时以及每轮开始时，在此行动格上放置 1 个法师。,
building,base,The Waymoot,,False,,4,,,,2 VP,"When this Building is put into play and at the start of each round, place 3 VP on this space.","Take and score all VP from this space. Take 1 face-up Quest card from Cliffwatch Inn. Owner scores 2 VP. When this Building is put into play and at the start of each round, place 3 VP on this space.",,LW_Buildings_22,,,"Waymoot, The",cards_buildings.lua,1,,"{""zh_codex"": {""label"": ""中文校译"", ""source"": ""Codex building translation using locked project terminology and local DND references, 2026-05-29"", ""name"": ""路会广场"", ""card_text"": ""拿取此行动格上的所有 VP 并计分。从崖望旅馆拿取 1 张面朝上的任务卡。拥有者获得 2 VP。此建筑放入场上时以及每轮开始时，在此行动格上放置 3 VP。"", ""possible_lore_text"": """"}}",路会广场,拿取此行动格上的所有 VP 并计分。从崖望旅馆拿取 1 张面朝上的任务卡。拥有者获得 2 VP。此建筑放入场上时以及每轮开始时，在此行动格上放置 3 VP。,
building,base,The Yawning Portal,,False,,4,,,,,,Take 2 Adventurers of any kind. Owner takes 1 Adventurer of any kind.,,LW_Buildings_23,,,"Yawning Portal, The",cards_buildings.lua,1,,"{""zh_codex"": {""label"": ""中文校译"", ""source"": ""Codex building translation using locked project terminology and local DND references, 2026-05-29"", ""name"": ""哈欠门酒馆"", ""card_text"": ""拿取任意 2 个冒险者。拥有者拿取任意 1 个冒险者。"", ""possible_lore_text"": """"}}",哈欠门酒馆,拿取任意 2 个冒险者。拥有者拿取任意 1 个冒险者。,
building,base,The Zoarstar,,False,,8,,,,2 VP,,Choose a space containing an opponent's Agent. You use that action space's action as though you had assigned an Agent to it. Owner scores 2 VP.,,LW_Buildings_24,,,"Zoarstar, The",cards_buildings.lua,1,,"{""zh_codex"": {""label"": ""中文校译"", ""source"": ""Codex building translation using locked project terminology and local DND references, 2026-05-29"", ""name"": ""佐阿之星"", ""card_text"": ""选择一个已有对手代理人的行动格。你执行该行动格的行动，视同你已将 1 名代理人指派到那里。拥有者获得 2 VP。"", ""possible_lore_text"": """"}}",佐阿之星,选择一个已有对手代理人的行动格。你执行该行动格的行动，视同你已将 1 名代理人指派到那里。拥有者获得 2 VP。,
building,base,Aurora's Realms Shop,,False,,,,,4 gold,,,Take 4 Gold,,LW_Buildings_25,,,Aurora's Realms Shop,cards_buildings.lua,1,,"{""zh_codex"": {""label"": ""中文校译"", ""source"": ""Codex building translation using locked project terminology and local DND references, 2026-05-29"", ""name"": ""极光领域商店"", ""card_text"": ""拿取 4 金币。"", ""possible_lore_text"": """"}}",极光领域商店,拿取 4 金币。,
building,base,Blackstaff Tower,,False,,,,,1 wizard,,,Take 1 Wizard,,LW_Buildings_26,,,Blackstaff Tower,cards_buildings.lua,1,,"{""zh_codex"": {""label"": ""中文校译"", ""source"": ""Codex building translation using locked project terminology and local DND references, 2026-05-29"", ""name"": ""黑杖塔"", ""card_text"": ""拿取 1 个法师。"", ""possible_lore_text"": """"}}",黑杖塔,拿取 1 个法师。,
building,base,Builder's Hall,,False,,,,,,,,Choose a Building in Builder's Hall. Pay its cost in Gold and put it into play under your control.,,LW_Buildings_27,,,Builder's Hall,cards_buildings.lua,1,,"{""zh_codex"": {""label"": ""中文校译"", ""source"": ""Codex building translation using locked project terminology and local DND references, 2026-05-29"", ""name"": ""建造者大厅"", ""card_text"": ""选择建造者大厅中的 1 座建筑。支付其金币费用，并将其放入场上，置于你的控制下。"", ""possible_lore_text"": """"}}",建造者大厅,选择建造者大厅中的 1 座建筑。支付其金币费用，并将其放入场上，置于你的控制下。,
building,base,Castle Waterdeep,,False,,,,,,,,Take the Starting Player marker and 1 Intrigue card.,,LW_Buildings_28,,,Castle Waterdeep,cards_buildings.lua,1,,"{""zh_codex"": {""label"": ""中文校译"", ""source"": ""Codex building translation using locked project terminology and local DND references, 2026-05-29"", ""name"": ""深水城城堡"", ""card_text"": ""拿取起始玩家标记和 1 张阴谋卡。"", ""possible_lore_text"": """"}}",深水城城堡,拿取起始玩家标记和 1 张阴谋卡。,
building,base,Cliffwatch Inn A,,False,,,,,2 gold,,,Select one Quest from Cliffwatch Inn and add it to your Active Quests. Take 2 Gold.,,LW_Buildings_29A,,,Cliffwatch Inn A,cards_buildings.lua,1,,"{""zh_codex"": {""label"": ""中文校译"", ""source"": ""Codex building translation using locked project terminology and local DND references, 2026-05-29"", ""name"": ""崖望旅馆 A"", ""card_text"": ""从崖望旅馆选择 1 张任务卡，加入你的进行中任务。拿取 2 金币。"", ""possible_lore_text"": """"}}",崖望旅馆 A,从崖望旅馆选择 1 张任务卡，加入你的进行中任务。拿取 2 金币。,
building,base,Cliffwatch Inn B,,False,,,,,,,,Select one Quest from Cliffwatch Inn and add it to your Active Quests. Take 1 Intrigue card.,,LW_Buildings_29B,,,Cliffwatch Inn B,cards_buildings.lua,1,,"{""zh_codex"": {""label"": ""中文校译"", ""source"": ""Codex building translation using locked project terminology and local DND references, 2026-05-29"", ""name"": ""崖望旅馆 B"", ""card_text"": ""从崖望旅馆选择 1 张任务卡，加入你的进行中任务。拿取 1 张阴谋卡。"", ""possible_lore_text"": """"}}",崖望旅馆 B,从崖望旅馆选择 1 张任务卡，加入你的进行中任务。拿取 1 张阴谋卡。,
building,base,Cliffwatch Inn C,,False,,,,,,,,"Discard and replace each Quest in Cliffwatch Inn with a new Quest from the deck. Then, select one Quest from Cliffwatch Inn and add it to your Active Quests.",,LW_Buildings_29C,,,Cliffwatch Inn C,cards_buildings.lua,1,,"{""zh_codex"": {""label"": ""中文校译"", ""source"": ""Codex building translation using locked project terminology and local DND references, 2026-05-29"", ""name"": ""崖望旅馆 C"", ""card_text"": ""弃掉并替换崖望旅馆中的每张任务卡，从牌库补入新的任务卡。然后，从崖望旅馆选择 1 张任务卡，加入你的进行中任务。"", ""possible_lore_text"": """"}}",崖望旅馆 C,弃掉并替换崖望旅馆中的每张任务卡，从牌库补入新的任务卡。然后，从崖望旅馆选择 1 张任务卡，加入你的进行中任务。,
building,base,Field of Triumph,,False,,,,,2 fighter,,,Take 2 Fighters,,LW_Buildings_30,,,Field of Triumph,cards_buildings.lua,1,,"{""zh_codex"": {""label"": ""中文校译"", ""source"": ""Codex building translation using locked project terminology and local DND references, 2026-05-29"", ""name"": ""凯旋角斗场"", ""card_text"": ""拿取 2 个战士。"", ""possible_lore_text"": """"}}",凯旋角斗场,拿取 2 个战士。,
building,base,The Grinning Lion Tavern,,False,,,,,2 rogue,,,Take 2 Rogues,,LW_Buildings_31,,,Grinning Lion Tavern,cards_buildings.lua,1,,"{""zh_codex"": {""label"": ""中文校译"", ""source"": ""Codex building translation using locked project terminology and local DND references, 2026-05-29"", ""name"": ""笑狮酒馆"", ""card_text"": ""拿取 2 个盗贼。"", ""possible_lore_text"": """"}}",笑狮酒馆,拿取 2 个盗贼。,
building,base,The Plinth,,False,,,,,1 cleric,,,Take 1 Cleric,,LW_Buildings_32,,,Plinth,cards_buildings.lua,1,,"{""zh_codex"": {""label"": ""中文校译"", ""source"": ""Codex building translation using locked project terminology and local DND references, 2026-05-29"", ""name"": ""尖碑塔"", ""card_text"": ""拿取 1 个牧师。"", ""possible_lore_text"": """"}}",尖碑塔,拿取 1 个牧师。,
building,base,Waterdeep Harbor,,False,,,,,,,,Play an Intrigue card. Agents assigned to Waterdeep Harbor will be reassigned after all other Agents have been assigned.,,LW_Buildings_33,,,Waterdeep Harbor,cards_buildings.lua,3,Waterdeep Harbor 1; Waterdeep Harbor 2; Waterdeep Harbor 3,"{""zh_codex"": {""label"": ""中文校译"", ""source"": ""Codex building translation using locked project terminology and local DND references, 2026-05-29"", ""name"": ""深水港"", ""card_text"": ""打出 1 张阴谋卡。指派到深水港的代理人会在所有其他代理人都被指派后重新指派。"", ""possible_lore_text"": """"}}",深水港,打出 1 张阴谋卡。指派到深水港的代理人会在所有其他代理人都被指派后重新指派。,
building,skullport,Cryptkey Facilitations,,False,,7,,,5 gold; 3 rogue,3 gold,,"Take 3 Rogues, 5 Gold, and 1 Corruption. Owner takes 3 Gold.",,SP_Buildings_01,,,Cryptkey Facilitations,cards_buildings_SP.lua,1,,"{""zh_codex"": {""label"": ""中文校译"", ""source"": ""Codex building translation using locked project terminology and local DND references, 2026-05-29"", ""name"": ""墓钥代办处"", ""card_text"": ""拿取 3 个盗贼、5 金币和 1 个腐化。拥有者拿取 3 金币。"", ""possible_lore_text"": """"}}",墓钥代办处,拿取 3 个盗贼、5 金币和 1 个腐化。拥有者拿取 3 金币。,
building,skullport,The Deepfires,,False,,6,,,5 gold; 1 corruption,3 VP,,"Take 1 Adventurer of Any Kind, 5 Gold, 1 Corruption, and take 1 face-up Quest card. Owner scores 3 VP.",,SP_Buildings_02,,,The Deepfires,cards_buildings_SP.lua,1,,"{""zh_codex"": {""label"": ""中文校译"", ""source"": ""Codex building translation using locked project terminology and local DND references, 2026-05-29"", ""name"": ""深火旅馆"", ""card_text"": ""拿取任意 1 个冒险者、5 金币、1 个腐化，并拿取 1 张面朝上的任务卡。拥有者获得 3 VP。"", ""possible_lore_text"": """"}}",深火旅馆,拿取任意 1 个冒险者、5 金币、1 个腐化，并拿取 1 张面朝上的任务卡。拥有者获得 3 VP。,
building,skullport,Delver's Folly,,False,,6,,,,2 VP,,Remove 1 Corruption from your Tavern and place it on any action space. Owner scores 2 VP.,,SP_Buildings_03,,,Delver's Folly,cards_buildings_SP.lua,1,,"{""zh_codex"": {""label"": ""中文校译"", ""source"": ""Codex building translation using locked project terminology and local DND references, 2026-05-29"", ""name"": ""探险者愚行"", ""card_text"": ""从你的酒馆移除 1 个腐化，并将其放到任意行动格上。拥有者获得 2 VP。"", ""possible_lore_text"": """"}}",探险者愚行,从你的酒馆移除 1 个腐化，并将其放到任意行动格上。拥有者获得 2 VP。,
building,skullport,The Frontal Lobe,,False,,4,,,3 wizard,,,Return 1 Adventurer of Any Kind. Take 3 Wizards and 1 Corruption. Owner takes the returned adventurer.,,SP_Buildings_04,,,The Frontal Lobe,cards_buildings_SP.lua,1,,"{""zh_codex"": {""label"": ""中文校译"", ""source"": ""Codex building translation using locked project terminology and local DND references, 2026-05-29"", ""name"": ""前额叶"", ""card_text"": ""返回任意 1 个冒险者。拿取 3 个法师和 1 个腐化。拥有者拿取被返回的冒险者。"", ""possible_lore_text"": """"}}",前额叶,返回任意 1 个冒险者。拿取 3 个法师和 1 个腐化。拥有者拿取被返回的冒险者。,
building,skullport,The Hell Hound's Muzzle,,False,,8,,,1 cleric; 1 fighter; 1 rogue; 1 wizard,,,"Take 1 Cleric, 1 Fighter, 1 Rogue, 1 Wizard, and 1 Corruption. Owner takes 1 Adventurer of Any Kind",,SP_Buildings_05,,,The Hell Hound's Muzzle,cards_buildings_SP.lua,1,,"{""zh_codex"": {""label"": ""中文校译"", ""source"": ""Codex building translation using locked project terminology and local DND references, 2026-05-29"", ""name"": ""地狱犬口套"", ""card_text"": ""拿取 1 个牧师、1 个战士、1 个盗贼、1 个法师和 1 个腐化。拥有者拿取任意 1 个冒险者。"", ""possible_lore_text"": """"}}",地狱犬口套,拿取 1 个牧师、1 个战士、1 个盗贼、1 个法师和 1 个腐化。拥有者拿取任意 1 个冒险者。,
building,skullport,Monsters Made to Order,,False,,3,,,,2 VP,"When this Building is put into play and at the start of each round, place 1 Corruption on this space.","Take all Corruption from this space. Return 1 Agent to your pool for each Corruption you took. Owner scores 2 VP. When this Building is put into play and at the start of each round, place 1 Corruption on this space.",,SP_Buildings_06,,,Monsters Made to Order,cards_buildings_SP.lua,1,,"{""zh_codex"": {""label"": ""中文校译"", ""source"": ""Codex building translation using locked project terminology and local DND references, 2026-05-29"", ""name"": ""定制怪物"", ""card_text"": ""拿取此行动格上的所有腐化。每拿取 1 个腐化，将 1 名代理人返回你的代理人池。拥有者获得 2 VP。此建筑放入场上时以及每轮开始时，在此行动格上放置 1 个腐化。"", ""possible_lore_text"": """"}}",定制怪物,拿取此行动格上的所有腐化。每拿取 1 个腐化，将 1 名代理人返回你的代理人池。拥有者获得 2 VP。此建筑放入场上时以及每轮开始时，在此行动格上放置 1 个腐化。,
building,skullport,The Poisoned Quill,,False,,5,,,,,,Return 1 Corruption. Play 1 Intrigue card. Owner takes 1 Intrigue card.,,SP_Buildings_07,,,The Poisoned Quill,cards_buildings_SP.lua,1,,"{""zh_codex"": {""label"": ""中文校译"", ""source"": ""Codex building translation using locked project terminology and local DND references, 2026-05-29"", ""name"": ""淬毒羽笔"", ""card_text"": ""归还 1 个腐化。打出 1 张阴谋卡。拥有者拿取 1 张阴谋卡。"", ""possible_lore_text"": """"}}",淬毒羽笔,归还 1 个腐化。打出 1 张阴谋卡。拥有者拿取 1 张阴谋卡。,
building,skullport,Promenade of the Dark Maiden,,False,,9,,,,3 VP,,Remove up to 2 Corruption from your Tavern and remove them from the game. Owner scores 3 VP.,,SP_Buildings_08,,,Promenade of the Dark Maiden,cards_buildings_SP.lua,1,,"{""zh_codex"": {""label"": ""中文校译"", ""source"": ""Codex building translation using locked project terminology and local DND references, 2026-05-29"", ""name"": ""幽暗少女长廊"", ""card_text"": ""从你的酒馆移除至多 2 个腐化，并将其移出游戏。拥有者获得 3 VP。"", ""possible_lore_text"": """"}}",幽暗少女长廊,从你的酒馆移除至多 2 个腐化，并将其移出游戏。拥有者获得 3 VP。,
building,skullport,Secret Shrine,,False,,8,,,1 cleric,1 cleric,,Return 1 Corruption. Take 1 Cleric. Owner takes 1 Cleric.,,SP_Buildings_09,,,Secret Shrine,cards_buildings_SP.lua,1,,"{""zh_codex"": {""label"": ""中文校译"", ""source"": ""Codex building translation using locked project terminology and local DND references, 2026-05-29"", ""name"": ""隐秘圣坛"", ""card_text"": ""归还 1 个腐化。拿取 1 个牧师。拥有者拿取 1 个牧师。"", ""possible_lore_text"": """"}}",隐秘圣坛,归还 1 个腐化。拿取 1 个牧师。拥有者拿取 1 个牧师。,
building,skullport,Shradin's Excellent Zombies,,False,,6,,,3 fighter; 1 cleric,3 gold,,"Take 3 Fighters, 1 Cleric, and 1 Corruption. Owner takes 3 Gold.",,SP_Buildings_10,,,Shradin's Excellent Zombies,cards_buildings_SP.lua,1,,"{""zh_codex"": {""label"": ""中文校译"", ""source"": ""Codex building translation using locked project terminology and local DND references, 2026-05-29"", ""name"": ""什拉丁的上等僵尸"", ""card_text"": ""拿取 3 个战士、1 个牧师和 1 个腐化。拥有者拿取 3 金币。"", ""possible_lore_text"": """"}}",什拉丁的上等僵尸,拿取 3 个战士、1 个牧师和 1 个腐化。拥有者拿取 3 金币。,
building,skullport,Thimblewine's Pawnshop,,False,,4,,,1 gold,2 gold,,Return 1 Corruption. Take 1 Gold. Owner takes 2 Gold.,,SP_Buildings_11,,,Thimblewine's Pawnshop,cards_buildings_SP.lua,1,,"{""zh_codex"": {""label"": ""中文校译"", ""source"": ""Codex building translation using locked project terminology and local DND references, 2026-05-29"", ""name"": ""辛布尔怀恩当铺"", ""card_text"": ""归还 1 个腐化。拿取 1 金币。拥有者拿取 2 金币。"", ""possible_lore_text"": """"}}",辛布尔怀恩当铺,归还 1 个腐化。拿取 1 金币。拥有者拿取 2 金币。,
building,skullport,The Thrown Gauntlet,,False,,8,,,3 fighter; 3 rogue,1 fighter; 1 rogue,,"Take 3 Fighters, 3 Rogues, and 1 Corruption. Owner takes 1 Fighter and 1 Rogue.",,SP_Buildings_12,,,The Thrown Gauntlet,cards_buildings_SP.lua,1,,"{""zh_codex"": {""label"": ""中文校译"", ""source"": ""Codex building translation using locked project terminology and local DND references, 2026-05-29"", ""name"": ""掷下的铁手套"", ""card_text"": ""拿取 3 个战士、3 个盗贼和 1 个腐化。拥有者拿取 1 个战士和 1 个盗贼。"", ""possible_lore_text"": """"}}",掷下的铁手套,拿取 3 个战士、3 个盗贼和 1 个腐化。拥有者拿取 1 个战士和 1 个盗贼。,
building,skullport,Hall of the Voice,,False,,,,,5 gold,,,"Take 1 Faceup Quest, 1 Intrigue Card, 5 Gold, and 1 Corruption",,SP_Buildings_13,,,Hall of the Voice,cards_buildings_SP.lua,1,,"{""zh_codex"": {""label"": ""中文校译"", ""source"": ""Codex building translation using locked project terminology and local DND references, 2026-05-29"", ""name"": ""声言之庭"", ""card_text"": ""拿取 1 张面朝上的任务卡、1 张阴谋卡、5 金币和 1 个腐化。"", ""possible_lore_text"": """"}}",声言之庭,拿取 1 张面朝上的任务卡、1 张阴谋卡、5 金币和 1 个腐化。,
building,skullport,Slavers' Market,,False,,,,,2 fighter; 2 rogue,,,"Take 2 Fighters, 2 Rogues, and 1 Corruption.",,SP_Buildings_14,,,Slavers' Market,cards_buildings_SP.lua,1,,"{""zh_codex"": {""label"": ""中文校译"", ""source"": ""Codex building translation using locked project terminology and local DND references, 2026-05-29"", ""name"": ""奴隶市场"", ""card_text"": ""拿取 2 个战士、2 个盗贼和 1 个腐化。"", ""possible_lore_text"": """"}}",奴隶市场,拿取 2 个战士、2 个盗贼和 1 个腐化。,
building,skullport,Skull Island,,False,,,,,1 corruption,,,Take 2 Adventurers of Any Kind and 1 Corruption,,SP_Buildings_15,,,Skull Island,cards_buildings_SP.lua,1,,"{""zh_codex"": {""label"": ""中文校译"", ""source"": ""Codex building translation using locked project terminology and local DND references, 2026-05-29"", ""name"": ""骷髅岛"", ""card_text"": ""拿取任意 2 个冒险者和 1 个腐化。"", ""possible_lore_text"": """"}}",骷髅岛,拿取任意 2 个冒险者和 1 个腐化。,
building,undermountain,Belkram's Tomb,,False,,5,,,5 gold,2 gold,,"Take 5 Gold
 and Play 1
 Intrigue Card.
 Owner takes 2 Gold.",,UM_Buildings_01,,,Belkram's Tomb,cards_buildings_UM.lua,1,,"{""zh_codex"": {""label"": ""中文校译"", ""source"": ""Codex building translation using locked project terminology and local DND references, 2026-05-29"", ""name"": ""贝尔克拉姆之墓"", ""card_text"": ""拿取 5 金币，并打出 1 张阴谋卡。拥有者拿取 2 金币。"", ""possible_lore_text"": """"}}",贝尔克拉姆之墓,拿取 5 金币，并打出 1 张阴谋卡。拥有者拿取 2 金币。,
building,undermountain,Citadel of the Bloody Hand,,False,,7,,,4 fighter,2 fighter,,"Take 4 Fighters.
 Place 1 Fighter from
 the Supply on each of
 2 different action spaces.
 Owner takes 2 Fighters.",,UM_Buildings_02,,,Citadel of the Bloody Hand,cards_buildings_UM.lua,1,,"{""zh_codex"": {""label"": ""中文校译"", ""source"": ""Codex building translation using locked project terminology and local DND references, 2026-05-29"", ""name"": ""血手堡垒"", ""card_text"": ""拿取 4 个战士。从供应区在 2 个不同的行动格上各放置 1 个战士。拥有者拿取 2 个战士。"", ""possible_lore_text"": """"}}",血手堡垒,拿取 4 个战士。从供应区在 2 个不同的行动格上各放置 1 个战士。拥有者拿取 2 个战士。,
building,undermountain,The Eye's Lair,,False,,3,,,,2 VP,,"Take 1 Adventurer
 of Any Kind. Play
 1 Intrigue card.
 Owner scores 2 VP.",,UM_Buildings_03,,,The Eye's Lair,cards_buildings_UM.lua,1,,"{""zh_codex"": {""label"": ""中文校译"", ""source"": ""Codex building translation using locked project terminology and local DND references, 2026-05-29"", ""name"": ""眼主巢穴"", ""card_text"": ""拿取任意 1 个冒险者。打出 1 张阴谋卡。拥有者获得 2 VP。"", ""possible_lore_text"": """"}}",眼主巢穴,拿取任意 1 个冒险者。打出 1 张阴谋卡。拥有者获得 2 VP。,
building,undermountain,Hall of Many Pillars,,False,,5,,,,,,"Play 3 Intrigue
 Cards. Owner takes
 1 Intrigue Card.",,UM_Buildings_04,,,Hall of Many Pillars,cards_buildings_UM.lua,1,,"{""zh_codex"": {""label"": ""中文校译"", ""source"": ""Codex building translation using locked project terminology and local DND references, 2026-05-29"", ""name"": ""万柱厅"", ""card_text"": ""打出 3 张阴谋卡。拥有者拿取 1 张阴谋卡。"", ""possible_lore_text"": """"}}",万柱厅,打出 3 张阴谋卡。拥有者拿取 1 张阴谋卡。,
building,undermountain,Hall of Sleeping Kings,,False,,4,,,1 fighter; 1 rogue,,,"Take 1 Fighter and
 1 Rogue, then Play
 1 Intrigue Card. Owner
 takes 1 Fighter or 
1 Rogue.",,UM_Buildings_05,,,Hall of Sleeping Kings,cards_buildings_UM.lua,1,,"{""zh_codex"": {""label"": ""中文校译"", ""source"": ""Codex building translation using locked project terminology and local DND references, 2026-05-29"", ""name"": ""沉睡诸王厅"", ""card_text"": ""拿取 1 个战士和 1 个盗贼，然后打出 1 张阴谋卡。拥有者拿取 1 个战士或 1 个盗贼。"", ""possible_lore_text"": """"}}",沉睡诸王厅,拿取 1 个战士和 1 个盗贼，然后打出 1 张阴谋卡。拥有者拿取 1 个战士或 1 个盗贼。,
building,undermountain,Hall of Three Lords,,False,,6,,,10 VP,2 VP,,"Remove 3 Aventurers 
of Any Kind from your 
Tavern and place one 
of those Adventurers 
on each of 3 different
 action spaces. Score 10 VP.
 Owner scores 2 VP.",,UM_Buildings_06,,,Hall of Three Lords,cards_buildings_UM.lua,1,,"{""zh_codex"": {""label"": ""中文校译"", ""source"": ""Codex building translation using locked project terminology and local DND references, 2026-05-29"", ""name"": ""三领主厅"", ""card_text"": ""从你的酒馆移除任意 3 个冒险者，并将这些冒险者分别放到 3 个不同的行动格上。获得 10 VP。拥有者获得 2 VP。"", ""possible_lore_text"": """"}}",三领主厅,从你的酒馆移除任意 3 个冒险者，并将这些冒险者分别放到 3 个不同的行动格上。获得 10 VP。拥有者获得 2 VP。,
building,undermountain,The Librarium,,False,,7,,,2 wizard,1 wizard,,"Take 2 Wizards. 
Place 1 Wizard from
 the supply on 1 action
 space. Owner takes
 1 Wizard.",,UM_Buildings_07,,,The Librarium,cards_buildings_UM.lua,1,,"{""zh_codex"": {""label"": ""中文校译"", ""source"": ""Codex building translation using locked project terminology and local DND references, 2026-05-29"", ""name"": ""藏书馆"", ""card_text"": ""拿取 2 个法师。从供应区将 1 个法师放到 1 个行动格上。拥有者拿取 1 个法师。"", ""possible_lore_text"": """"}}",藏书馆,拿取 2 个法师。从供应区将 1 个法师放到 1 个行动格上。拥有者拿取 1 个法师。,
building,undermountain,The Lost Cavern,,False,,6,,,1 fighter; 1 rogue,,,"Discard 1
 non-Mandatory Quest.
 Take 1 Fighter,
 1 Rogue, and
 1 Adventurer of
 any kind. Owner takes 1
 Adventurer of any
 kind.",,UM_Buildings_08,,,The Lost Cavern,cards_buildings_UM.lua,1,,"{""zh_codex"": {""label"": ""中文校译"", ""source"": ""Codex building translation using locked project terminology and local DND references, 2026-05-29"", ""name"": ""失落洞窟"", ""card_text"": ""弃掉 1 张非强制任务卡。拿取 1 个战士、1 个盗贼和任意 1 个冒险者。拥有者拿取任意 1 个冒险者。"", ""possible_lore_text"": """"}}",失落洞窟,弃掉 1 张非强制任务卡。拿取 1 个战士、1 个盗贼和任意 1 个冒险者。拥有者拿取任意 1 个冒险者。,
building,undermountain,Shadowdusk Hold,,False,,7,,,4 rogue,2 rogue,,"Take 4 Rogues. 
Place 1 Rogue from the 
supply on each of 2
 different action spaces.
 Owner takes 2 Rogues.",,UM_Buildings_09,,,Shadowdusk Hold,cards_buildings_UM.lua,1,,"{""zh_codex"": {""label"": ""中文校译"", ""source"": ""Codex building translation using locked project terminology and local DND references, 2026-05-29"", ""name"": ""影暮堡"", ""card_text"": ""拿取 4 个盗贼。从供应区在 2 个不同的行动格上各放置 1 个盗贼。拥有者拿取 2 个盗贼。"", ""possible_lore_text"": """"}}",影暮堡,拿取 4 个盗贼。从供应区在 2 个不同的行动格上各放置 1 个盗贼。拥有者拿取 2 个盗贼。,
building,undermountain,Trobriand's Graveyard,,False,,3,,,4 gold,,,"Take 4 Gold and
 Draw 2 Intrigue
 cards. Discard 2
 Intrigue cards.
 Owner draws 1
 Intrigue card.",,UM_Buildings_10,,,Trobriand's Graveyard,cards_buildings_UM.lua,1,,"{""zh_codex"": {""label"": ""中文校译"", ""source"": ""Codex building translation using locked project terminology and local DND references, 2026-05-29"", ""name"": ""卓布伦德的墓场"", ""card_text"": ""拿取 4 金币并抽 2 张阴谋卡。弃掉 2 张阴谋卡。拥有者抽 1 张阴谋卡。"", ""possible_lore_text"": """"}}",卓布伦德的墓场,拿取 4 金币并抽 2 张阴谋卡。弃掉 2 张阴谋卡。拥有者抽 1 张阴谋卡。,
building,undermountain,High Duke's Tomb,,False,,7,,,8 gold,4 gold,,"Take 8 Gold. 
Place 2 Gold from 
the supply on each 
of 2 different action 
spaces. 
Owner takes 4 Gold.",,UM_Buildings_11,,,High Duke's Tomb,cards_buildings_UM.lua,1,,"{""zh_codex"": {""label"": ""中文校译"", ""source"": ""Codex building translation using locked project terminology and local DND references, 2026-05-29"", ""name"": ""大公之墓"", ""card_text"": ""拿取 8 金币。从供应区在 2 个不同的行动格上各放置 2 金币。拥有者拿取 4 金币。"", ""possible_lore_text"": """"}}",大公之墓,拿取 8 金币。从供应区在 2 个不同的行动格上各放置 2 金币。拥有者拿取 4 金币。,
building,undermountain,Room of Wisdom,,False,,7,,,2 cleric,1 cleric,,"Take 2 Clerics. 
Place 1 Cleric from the 
supply on 1 action space.
 Owner takes 1 Cleric.",,UM_Buildings_12,,,Room of Wisdom,cards_buildings_UM.lua,1,,"{""zh_codex"": {""label"": ""中文校译"", ""source"": ""Codex building translation using locked project terminology and local DND references, 2026-05-29"", ""name"": ""智慧室"", ""card_text"": ""拿取 2 个牧师。从供应区将 1 个牧师放到 1 个行动格上。拥有者拿取 1 个牧师。"", ""possible_lore_text"": """"}}",智慧室,拿取 2 个牧师。从供应区将 1 个牧师放到 1 个行动格上。拥有者拿取 1 个牧师。,
building,undermountain,Entry Well,,False,,,,,,,,"Take 1 Face-up
 Quest Card and Play
 1 Intrigue Card",,UM_Buildings_13,,,Entry Well,cards_buildings_UM.lua,1,,"{""zh_codex"": {""label"": ""中文校译"", ""source"": ""Codex building translation using locked project terminology and local DND references, 2026-05-29"", ""name"": ""入口井道"", ""card_text"": ""拿取 1 张面朝上的任务卡，并打出 1 张阴谋卡。"", ""possible_lore_text"": """"}}",入口井道,拿取 1 张面朝上的任务卡，并打出 1 张阴谋卡。,
building,undermountain,Hall of Mirrors,,False,,,,,,,,"Take 1 Adventurer
 of Any Kind or
 1 Rogue and 1 Fighter",,UM_Buildings_14,,,Hall of Mirrors,cards_buildings_UM.lua,1,,"{""zh_codex"": {""label"": ""中文校译"", ""source"": ""Codex building translation using locked project terminology and local DND references, 2026-05-29"", ""name"": ""镜厅"", ""card_text"": ""拿取任意 1 个冒险者，或拿取 1 个盗贼和 1 个战士。"", ""possible_lore_text"": """"}}",镜厅,拿取任意 1 个冒险者，或拿取 1 个盗贼和 1 个战士。,
building,undermountain,The Grim Statue,,False,,,,,,,,"Draw 2 Intrigue
 Cards.",,UM_Buildings_15,,,The Grim Statue,cards_buildings_UM.lua,1,,"{""zh_codex"": {""label"": ""中文校译"", ""source"": ""Codex building translation using locked project terminology and local DND references, 2026-05-29"", ""name"": ""无首石像"", ""card_text"": ""抽 2 张阴谋卡。"", ""possible_lore_text"": """"}}",无首石像,抽 2 张阴谋卡。,
faction,none,Faction - City Guard,,False,,,,,,,,,,LW_Faction_CG,LW_Faction_01,assets/cards/LW_Faction_CardCG.webp,Lore_Faction_01_City_Guard_Title,cards_lords.lua,,,"{""zh_codex"": {""label"": ""中文校译"", ""source"": ""Codex faction translation using locked printed terminology from waterdeep_规则术语表.md, 2026-06-02"", ""name"": ""城市守卫联盟"", ""card_text"": """", ""possible_lore_text"": """"}}",城市守卫联盟,,
faction,none,Faction - Grey Hands,,False,,,,,,,,,,LW_Faction_GH,LW_Faction_06,assets/cards/LW_Faction_CardGH.webp,Lore_Faction_06_The_Grey_Hands_Title,cards_lords.lua,,,"{""zh_codex"": {""label"": ""中文校译"", ""source"": ""Codex faction translation using locked printed terminology from waterdeep_规则术语表.md, 2026-06-02"", ""name"": ""灰手组织"", ""card_text"": """", ""possible_lore_text"": """"}}",灰手组织,,
faction,none,Faction - Harpers,,False,,,,,,,,,,LW_Faction_HP,LW_Faction_02,assets/cards/LW_Faction_CardHP.webp,Lore_Faction_02_Harpers_Title,cards_lords.lua,,,"{""zh_codex"": {""label"": ""中文校译"", ""source"": ""Codex faction translation using locked printed terminology from waterdeep_规则术语表.md, 2026-06-02"", ""name"": ""竖琴手同盟"", ""card_text"": """", ""possible_lore_text"": """"}}",竖琴手同盟,,
faction,none,Faction - Knigts of the Shield,,False,,,,,,,,,,LW_Faction_KS,LW_Faction_03,assets/cards/LW_Faction_CardKS.webp,Lore_Faction_03_Knights_Shield_Title,cards_lords.lua,,,"{""zh_codex"": {""label"": ""中文校译"", ""source"": ""Codex faction translation using locked printed terminology from waterdeep_规则术语表.md, 2026-06-02"", ""name"": ""神盾骑士团"", ""card_text"": """", ""possible_lore_text"": """"}}",神盾骑士团,,
faction,none,Faction - Red Sashes,,False,,,,,,,,,,LW_Faction_RS,LW_Faction_04,assets/cards/LW_Faction_CardRS.webp,Lore_Faction_04_Red_Sashes_Title,cards_lords.lua,,,"{""zh_codex"": {""label"": ""中文校译"", ""source"": ""Codex faction translation using locked printed terminology from waterdeep_规则术语表.md, 2026-06-02"", ""name"": ""红带帮"", ""card_text"": """", ""possible_lore_text"": """"}}",红带帮,,
faction,none,Faction - Silverstars,,False,,,,,,,,,,LW_Faction_SS,LW_Faction_05,assets/cards/LW_Faction_CardSS.webp,Lore_Faction_05_Silverstars_Title,cards_lords.lua,,,"{""zh_codex"": {""label"": ""中文校译"", ""source"": ""Codex faction translation using locked printed terminology from waterdeep_规则术语表.md, 2026-06-02"", ""name"": ""银星会"", ""card_text"": """", ""possible_lore_text"": """"}}",银星会,,
intrigue,base,Ambush,,False,attack,,,,,,,"Each opponent removes 1 fighter from his or her Tavern and returns it to the supply. For each opponent that could not do so, take 1 fighter from the supply and place it in your Tavern.","The Lords of Waterdeep play games
with both diplomacy and daggers.",LW_Intrigue_01,LW_Intrigue_01,assets/cards/LW_Intrigue_01.webp,Key_Ambush,cards_intrigue.lua,,,"{""zh_codex"": {""label"": ""中文校译"", ""source"": ""Codex intrigue translation using locked project terminology, local DND references, and attempted wiki check, 2026-06-02"", ""name"": ""伏击"", ""card_text"": ""每名对手从其酒馆移除 1 个战士并归还供应区。对每名无法如此做的对手，你从供应区拿取 1 个战士并放入你的酒馆。"", ""possible_lore_text"": ""深水城领主玩的游戏，既用外交，也用匕首。""}}",伏击,每名对手从其酒馆移除 1 个战士并归还供应区。对每名无法如此做的对手，你从供应区拿取 1 个战士并放入你的酒馆。,深水城领主玩的游戏，既用外交，也用匕首。
intrigue,base,Arcane Mishap,,False,attack,,,,,,,"Each opponent removes 1 wizard from his or her Tavern and returns it to the supply. For each opponent that could not do so, draw 1 Intrigue card.",Playing with magic can be dangerous business.,LW_Intrigue_03,LW_Intrigue_03,assets/cards/LW_Intrigue_03.webp,Key_ArcaneMishap,cards_intrigue.lua,,,"{""zh_codex"": {""label"": ""中文校译"", ""source"": ""Codex intrigue translation using locked project terminology, local DND references, and attempted wiki check, 2026-06-02"", ""name"": ""奥术事故"", ""card_text"": ""每名对手从其酒馆移除 1 个法师并归还供应区。对每名无法如此做的对手，你抽 1 张阴谋卡。"", ""possible_lore_text"": ""玩弄魔法有时是危险的营生。""}}",奥术事故,每名对手从其酒馆移除 1 个法师并归还供应区。对每名无法如此做的对手，你抽 1 张阴谋卡。,玩弄魔法有时是危险的营生。
intrigue,base,Assassination,,False,attack,,,,,,,"Each opponent removes 1 rogue from his or her Tavern and returns it to the supply. For each opponent that could not do so, take 2 gold from the supply and place it in your Tavern.",The ranks of rivals must be culled from time to time.,LW_Intrigue_05,LW_Intrigue_05,assets/cards/LW_Intrigue_05.webp,Key_Assassination,cards_intrigue.lua,,,"{""zh_codex"": {""label"": ""中文校译"", ""source"": ""Codex intrigue translation using locked project terminology, local DND references, and attempted wiki check, 2026-06-02"", ""name"": ""暗杀"", ""card_text"": ""每名对手从其酒馆移除 1 个盗贼并归还供应区。对每名无法如此做的对手，你从供应区拿取 2 金币并放入你的酒馆。"", ""possible_lore_text"": ""竞争者的队伍，总得时不时修剪一番。""}}",暗杀,每名对手从其酒馆移除 1 个盗贼并归还供应区。对每名无法如此做的对手，你从供应区拿取 2 金币并放入你的酒馆。,竞争者的队伍，总得时不时修剪一番。
intrigue,base,Bribe Agent,,False,attack,,,,,,,Pay 2 Gold. Choose an action space containing an opponent's agent. You use that space's action as though you had assigned an agent to it.,“I believe this will more than suffice . . .”,LW_Intrigue_07,LW_Intrigue_07,assets/cards/LW_Intrigue_07.webp,Key_BribeAgent,cards_intrigue.lua,,,"{""zh_codex"": {""label"": ""中文校译"", ""source"": ""Codex intrigue translation using locked project terminology, local DND references, and attempted wiki check, 2026-06-02"", ""name"": ""贿赂代理人"", ""card_text"": ""支付 2 金币。选择 1 个有对手代理人的行动格。你使用该行动格的行动，视同你曾向那里指派代理人。"", ""possible_lore_text"": ""“我相信，这些已经绰绰有余……”""}}",贿赂代理人,支付 2 金币。选择 1 个有对手代理人的行动格。你使用该行动格的行动，视同你曾向那里指派代理人。,“我相信，这些已经绰绰有余……”
intrigue,base,Free Drinks!,,False,attack,,,,,,,"Remove one adventurer of any kind from an opponent's Tavern, and then place it in your Tavern.",“I like this place! It has atmosphere.”,LW_Intrigue_09,LW_Intrigue_09,assets/cards/LW_Intrigue_09.webp,Key_FreeDrinks,cards_intrigue.lua,,,"{""zh_codex"": {""label"": ""中文校译"", ""source"": ""Codex intrigue translation using locked project terminology, local DND references, and attempted wiki check, 2026-06-02"", ""name"": ""免费畅饮！"", ""card_text"": ""从一名对手的酒馆移除任意 1 个冒险者，然后放入你的酒馆。"", ""possible_lore_text"": ""“我喜欢这地方！很有气氛。”""}}",免费畅饮！,从一名对手的酒馆移除任意 1 个冒险者，然后放入你的酒馆。,“我喜欢这地方！很有气氛。”
intrigue,base,Lack of Faith,,False,attack,,,,,,,"Each opponent removes 1 cleric from his or her Tavern and returns it to the supply. For each opponent that could not do so, you score 2 VP.",“Belief can be so very fleeting.”,LW_Intrigue_11,LW_Intrigue_11,assets/cards/LW_Intrigue_11.webp,Key_LackofFaith,cards_intrigue.lua,,,"{""zh_codex"": {""label"": ""中文校译"", ""source"": ""Codex intrigue translation using locked project terminology, local DND references, and attempted wiki check, 2026-06-02"", ""name"": ""信仰缺失"", ""card_text"": ""每名对手从其酒馆移除 1 个牧师并归还供应区。对每名无法如此做的对手，你获得 2 VP。"", ""possible_lore_text"": ""“信念有时可真是转瞬即逝。”""}}",信仰缺失,每名对手从其酒馆移除 1 个牧师并归还供应区。对每名无法如此做的对手，你获得 2 VP。,“信念有时可真是转瞬即逝。”
intrigue,base,Accelerate Plans,,False,utility,,,,,,,"Choose 1 of your agents assigned to Waterdeep Harbor. Return it to your pool, then immediately assign 2 agents.",“It’s time to make our play!”,LW_Intrigue_13,LW_Intrigue_13,assets/cards/LW_Intrigue_13.webp,Key_AcceleratePlans,cards_intrigue.lua,,,"{""zh_codex"": {""label"": ""中文校译"", ""source"": ""Codex intrigue translation using locked project terminology, local DND references, and attempted wiki check, 2026-06-02"", ""name"": ""加速计划"", ""card_text"": ""选择你指派到深水港的 1 个代理人。将其返回你的代理人池，然后立即指派 2 个代理人。"", ""possible_lore_text"": ""“是时候动手了！”""}}",加速计划,选择你指派到深水港的 1 个代理人。将其返回你的代理人池，然后立即指派 2 个代理人。,“是时候动手了！”
intrigue,base,Bidding War,,False,utility,,,,,,,"Draw a number of Quest cards from the deck equal to the number of players. Keep one and pass the remaining Quest cards to the player on your left. Each player, in turn, chooses one Quest card to keep and passes the rest to the left until every player has taken a Quest card.","“I can complete that quest with one
wizard, a torch, and a floppy hat.”",LW_Intrigue_14,LW_Intrigue_14,assets/cards/LW_Intrigue_14.webp,Key_BiddingWar,cards_intrigue.lua,,,"{""zh_codex"": {""label"": ""中文校译"", ""source"": ""Codex intrigue translation using locked project terminology, local DND references, and attempted wiki check, 2026-06-02"", ""name"": ""竞价大战"", ""card_text"": ""从任务牌堆抽取等同玩家人数的任务卡。保留 1 张，并将剩余任务卡传给你左侧的玩家。每名玩家依次选择 1 张任务卡保留，并将剩余任务卡继续向左传，直到每名玩家都拿到 1 张任务卡。"", ""possible_lore_text"": ""“这个任务我只要一个法师、一支火把，还有一顶软塌塌的帽子就能完成。”""}}",竞价大战,从任务牌堆抽取等同玩家人数的任务卡。保留 1 张，并将剩余任务卡传给你左侧的玩家。每名玩家依次选择 1 张任务卡保留，并将剩余任务卡继续向左传，直到每名玩家都拿到 1 张任务卡。,“这个任务我只要一个法师、一支火把，还有一顶软塌塌的帽子就能完成。”
intrigue,base,Call for Adventurers,,False,utility,,,,,,,Take 2 adventurers of any kind from the supply and place them in your Tavern. Each opponent takes 1 adventurer of any kind from the supply and places it in his or her Tavern.,"“Adventurers needed for slightly
dangerous opportunity. Must supply
own magic items. Inquire within.”",LW_Intrigue_17,LW_Intrigue_17,assets/cards/LW_Intrigue_17.webp,Key_CallforAdventurers,cards_intrigue.lua,,,"{""zh_codex"": {""label"": ""中文校译"", ""source"": ""Codex intrigue translation using locked project terminology, local DND references, and attempted wiki check, 2026-06-02"", ""name"": ""召集冒险者"", ""card_text"": ""从供应区拿取任意 2 个冒险者并放入你的酒馆。每名对手从供应区拿取任意 1 个冒险者并放入其酒馆。"", ""possible_lore_text"": ""招募冒险者，机会略有危险。需自备魔法物品。有意者内询。""}}",召集冒险者,从供应区拿取任意 2 个冒险者并放入你的酒馆。每名对手从供应区拿取任意 1 个冒险者并放入其酒馆。,招募冒险者，机会略有危险。需自备魔法物品。有意者内询。
intrigue,base,Call in a Favor,,False,utility,,,,,,,"Choose one of the following to take from the supply: 4 gold, 2 fighters, 2 rogues, 1 wizard, or 1 cleric.",,LW_Intrigue_19,LW_Intrigue_19,assets/cards/LW_Intrigue_19.webp,Key_CallinaFavor,cards_intrigue.lua,,,"{""zh_codex"": {""label"": ""中文校译"", ""source"": ""Codex intrigue translation using locked project terminology, local DND references, and attempted wiki check, 2026-06-02"", ""name"": ""请托人情"", ""card_text"": ""从以下项目中选择一项，从供应区拿取：4 金币、2 个战士、2 个盗贼、1 个法师，或 1 个牧师。"", ""possible_lore_text"": """"}}",请托人情,从以下项目中选择一项，从供应区拿取：4 金币、2 个战士、2 个盗贼、1 个法师，或 1 个牧师。,
intrigue,base,Change of Plans,,False,utility,,,,,,,Discard an uncompleted Quest card. Score 6 VP. Each opponent can choose to discard an uncompleted Quest card to score 3 VP. (You can discard a Mandatory Quest in this way.),"“Of course I finished that assignment.
Would I lie to you?”",LW_Intrigue_21,LW_Intrigue_21,assets/cards/LW_Intrigue_21.webp,Key_ChangeofPlans,cards_intrigue.lua,,,"{""zh_codex"": {""label"": ""中文校译"", ""source"": ""Codex intrigue translation using locked project terminology, local DND references, and attempted wiki check, 2026-06-02"", ""name"": ""计划有变"", ""card_text"": ""弃掉 1 张未完成的任务卡。获得 6 VP。每名对手可以选择弃掉 1 张未完成的任务卡，以获得 3 VP。（你可以用这种方式弃掉强制任务。）"", ""possible_lore_text"": ""“我当然完成了那项差事。我会骗你吗？”""}}",计划有变,弃掉 1 张未完成的任务卡。获得 6 VP。每名对手可以选择弃掉 1 张未完成的任务卡，以获得 3 VP。（你可以用这种方式弃掉强制任务。）,“我当然完成了那项差事。我会骗你吗？”
intrigue,base,Conscription,,False,utility,,,,,,,Take 2 fighters from the supply and place them in your Tavern. Choose 1 opponent. That opponent takes 1 fighter from the supply and places it in his or her Tavern.,“You look strong and capable. You’re drafted!”,LW_Intrigue_22,LW_Intrigue_22,assets/cards/LW_Intrigue_22.webp,Key_Conscription,cards_intrigue.lua,,,"{""zh_codex"": {""label"": ""中文校译"", ""source"": ""Codex intrigue translation using locked project terminology, local DND references, and attempted wiki check, 2026-06-02"", ""name"": ""征召"", ""card_text"": ""从供应区拿取 2 个战士并放入你的酒馆。选择 1 名对手。该对手从供应区拿取 1 个战士并放入其酒馆。"", ""possible_lore_text"": ""“你看起来强壮又能干。你被征召了！”""}}",征召,从供应区拿取 2 个战士并放入你的酒馆。选择 1 名对手。该对手从供应区拿取 1 个战士并放入其酒馆。,“你看起来强壮又能干。你被征召了！”
intrigue,base,Crime Wave,,False,utility,,,,,,,Take 2 rogues from the supply and place them in your Tavern. Choose 1 opponent. That opponent takes 1 rogue from the supply and places it in his or her Tavern.,"“No honor, but the benefits are wonderful.”",LW_Intrigue_24,LW_Intrigue_24,assets/cards/LW_Intrigue_24.webp,Key_CrimeWave,cards_intrigue.lua,,,"{""zh_codex"": {""label"": ""中文校译"", ""source"": ""Codex intrigue translation using locked project terminology, local DND references, and attempted wiki check, 2026-06-02"", ""name"": ""犯罪浪潮"", ""card_text"": ""从供应区拿取 2 个盗贼并放入你的酒馆。选择 1 名对手。该对手从供应区拿取 1 个盗贼并放入其酒馆。"", ""possible_lore_text"": ""“没有荣誉，但好处可真不少。”""}}",犯罪浪潮,从供应区拿取 2 个盗贼并放入你的酒馆。选择 1 名对手。该对手从供应区拿取 1 个盗贼并放入其酒馆。,“没有荣誉，但好处可真不少。”
intrigue,base,Good Faith,,False,utility,,,,,,,Take 2 clerics from the supply and place them in your Tavern. Choose 1 opponent. That opponent takes 1 cleric from the supply and places it in his or her Tavern.,"“We are in the business of miracles—
and business is good.”",LW_Intrigue_26,LW_Intrigue_26,assets/cards/LW_Intrigue_26.webp,Key_GoodFaith,cards_intrigue.lua,,,"{""zh_codex"": {""label"": ""中文校译"", ""source"": ""Codex intrigue translation using locked project terminology, local DND references, and attempted wiki check, 2026-06-02"", ""name"": ""善意之举"", ""card_text"": ""从供应区拿取 2 个牧师并放入你的酒馆。选择 1 名对手。该对手从供应区拿取 1 个牧师并放入其酒馆。"", ""possible_lore_text"": ""“我们做的是奇迹的生意，而且生意兴隆。”""}}",善意之举,从供应区拿取 2 个牧师并放入你的酒馆。选择 1 名对手。该对手从供应区拿取 1 个牧师并放入其酒馆。,“我们做的是奇迹的生意，而且生意兴隆。”
intrigue,base,Graduation Day,,False,utility,,,,,,,Take 2 wizards from the supply and place them in your Tavern. Choose 1 opponent. That opponent takes 1 wizard from the supply and places it in his or her Tavern.,"“The latest crop of wizard apprentices to complete the
tests of sorcery are an extremely talented bunch.”",LW_Intrigue_28,LW_Intrigue_28,assets/cards/LW_Intrigue_28.webp,Key_GraduationDay,cards_intrigue.lua,,,"{""zh_codex"": {""label"": ""中文校译"", ""source"": ""Codex intrigue translation using locked project terminology, local DND references, and attempted wiki check, 2026-06-02"", ""name"": ""毕业日"", ""card_text"": ""从供应区拿取 2 个法师并放入你的酒馆。选择 1 名对手。该对手从供应区拿取 1 个法师并放入其酒馆。"", ""possible_lore_text"": ""最新一批通过魔法考验的法师学徒，个个才华横溢。""}}",毕业日,从供应区拿取 2 个法师并放入你的酒馆。选择 1 名对手。该对手从供应区拿取 1 个法师并放入其酒馆。,最新一批通过魔法考验的法师学徒，个个才华横溢。
intrigue,base,Real Estate Deal,,False,utility,,,,,,,Discard a Building under your control that currently has no agent assigned to it. Then choose 1 Building in Builder's Hall and put it into play under your control at no cost. (Replace that building afterward.),“The view from here is so much better.”,LW_Intrigue_30,LW_Intrigue_30,assets/cards/LW_Intrigue_30.webp,Key_RealEstateDeal,cards_intrigue.lua,,,"{""zh_codex"": {""label"": ""中文校译"", ""source"": ""Codex intrigue translation using locked project terminology, local DND references, and attempted wiki check, 2026-06-02"", ""name"": ""房产交易"", ""card_text"": ""弃掉 1 个你控制且当前没有代理人指派其上的建筑。然后选择建造者大厅中的 1 个建筑，不支付费用，将其放入场上并由你控制。（之后补充该建筑。）"", ""possible_lore_text"": ""“这里的景致好多了。”""}}",房产交易,弃掉 1 个你控制且当前没有代理人指派其上的建筑。然后选择建造者大厅中的 1 个建筑，不支付费用，将其放入场上并由你控制。（之后补充该建筑。）,“这里的景致好多了。”
intrigue,base,Recall Agent,,False,utility,,,,,,,Return one of your assigned agents to your pool.,“Come quickly! I have a new assignment for you!”,LW_Intrigue_31,LW_Intrigue_31,assets/cards/LW_Intrigue_31.webp,Key_RecallAgent,cards_intrigue.lua,,,"{""zh_codex"": {""label"": ""中文校译"", ""source"": ""Codex intrigue translation using locked project terminology, local DND references, and attempted wiki check, 2026-06-02"", ""name"": ""召回代理人"", ""card_text"": ""将你 1 个已指派的代理人返回你的代理人池。"", ""possible_lore_text"": ""“快来！我有新的任务交给你！”""}}",召回代理人,将你 1 个已指派的代理人返回你的代理人池。,“快来！我有新的任务交给你！”
intrigue,base,Recruit Spies,,False,utility,,,,,,,Take 2 rogues from the supply and place them in your Tavern. Each opponent can choose to give you 1 rogue once to score 3 VP. (Place it in your Tavern.),“Information is power.”,LW_Intrigue_33,LW_Intrigue_33,assets/cards/LW_Intrigue_33.webp,Key_RecruitSpies,cards_intrigue.lua,,,"{""zh_codex"": {""label"": ""中文校译"", ""source"": ""Codex intrigue translation using locked project terminology, local DND references, and attempted wiki check, 2026-06-02"", ""name"": ""招募间谍"", ""card_text"": ""从供应区拿取 2 个盗贼并放入你的酒馆。每名对手各可选择一次，给你 1 个盗贼以获得 3 VP。（将该盗贼放入你的酒馆。）"", ""possible_lore_text"": ""“情报就是力量。”""}}",招募间谍,从供应区拿取 2 个盗贼并放入你的酒馆。每名对手各可选择一次，给你 1 个盗贼以获得 3 VP。（将该盗贼放入你的酒馆。）,“情报就是力量。”
intrigue,base,Request Assistance,,False,utility,,,,,,,Take 2 fighters from the supply and place them in your Tavern. Each opponent can choose to give you 1 fighter once to score 3 VP. (Place it in your Tavern.),"Even a Lord of Waterdeep requires the
aid of an associate now and then.",LW_Intrigue_34,LW_Intrigue_34,assets/cards/LW_Intrigue_34.webp,Key_RequestAssistance,cards_intrigue.lua,,,"{""zh_codex"": {""label"": ""中文校译"", ""source"": ""Codex intrigue translation using locked project terminology, local DND references, and attempted wiki check, 2026-06-02"", ""name"": ""请求援助"", ""card_text"": ""从供应区拿取 2 个战士并放入你的酒馆。每名对手各可选择一次，给你 1 个战士以获得 3 VP。（将该战士放入你的酒馆。）"", ""possible_lore_text"": ""即使是深水城领主，偶尔也需要同伴相助。""}}",请求援助,从供应区拿取 2 个战士并放入你的酒馆。每名对手各可选择一次，给你 1 个战士以获得 3 VP。（将该战士放入你的酒馆。）,即使是深水城领主，偶尔也需要同伴相助。
intrigue,base,Research Agreement,,False,utility,,,,,,,Take 1 wizards from the supply and place it in your Tavern. Each opponent can choose to give you 1 wizard once to score 5 VP. (Place it in your Tavern.),"“I might be able to help you
decipher those arcane tomes.”",LW_Intrigue_35,LW_Intrigue_35,assets/cards/LW_Intrigue_35.webp,Key_ResearchAgreement,cards_intrigue.lua,,,"{""zh_codex"": {""label"": ""中文校译"", ""source"": ""Codex intrigue translation using locked project terminology, local DND references, and attempted wiki check, 2026-06-02"", ""name"": ""研究协议"", ""card_text"": ""从供应区拿取 1 个法师并放入你的酒馆。每名对手各可选择一次，给你 1 个法师以获得 5 VP。（将该法师放入你的酒馆。）"", ""possible_lore_text"": ""“我也许能帮你解读那些奥术典籍。”""}}",研究协议,从供应区拿取 1 个法师并放入你的酒馆。每名对手各可选择一次，给你 1 个法师以获得 5 VP。（将该法师放入你的酒馆。）,“我也许能帮你解读那些奥术典籍。”
intrigue,base,Sample Wares,,False,utility,,,,,,,Assign 1 of your unused agents to a Building in Builder's Hall. You immediately use the effect of that Building as though you controlled it.,“Perhaps this location will interest you!”,LW_Intrigue_36,LW_Intrigue_36,assets/cards/LW_Intrigue_36.webp,Key_SampleWares,cards_intrigue.lua,,,"{""zh_codex"": {""label"": ""中文校译"", ""source"": ""Codex intrigue translation using locked project terminology, local DND references, and attempted wiki check, 2026-06-02"", ""name"": ""试用货品"", ""card_text"": ""将你 1 个未使用的代理人指派到建造者大厅中的 1 个建筑上。你立即使用该建筑的效果，视同你控制该建筑。"", ""possible_lore_text"": ""“也许这个位置会让你感兴趣！”""}}",试用货品,将你 1 个未使用的代理人指派到建造者大厅中的 1 个建筑上。你立即使用该建筑的效果，视同你控制该建筑。,“也许这个位置会让你感兴趣！”
intrigue,base,Special Assignment,,False,utility,,,,,,,"Choose a Quest type: Arcana, Commerce, Piety, Skullduggery, or Warfare. Draw and reveal Quest cards until you reveal a card of the chosen type. Keep that Quest card and discard the rest.",“I need you to handle this personally.”,LW_Intrigue_38,LW_Intrigue_38,assets/cards/LW_Intrigue_38.webp,Key_SpecialAssignment,cards_intrigue.lua,,,"{""zh_codex"": {""label"": ""中文校译"", ""source"": ""Codex intrigue translation using locked project terminology, local DND references, and attempted wiki check, 2026-06-02"", ""name"": ""特别任务"", ""card_text"": ""选择 1 种任务类型：奥术、商业、虔诚、阴谋或战争。从任务牌堆抽牌并展示，直到展示出 1 张所选类型的任务卡。保留该任务卡，并弃掉其余展示的任务卡。"", ""possible_lore_text"": ""“我需要你亲自处理这件事。”""}}",特别任务,选择 1 种任务类型：奥术、商业、虔诚、阴谋或战争。从任务牌堆抽牌并展示，直到展示出 1 张所选类型的任务卡。保留该任务卡，并弃掉其余展示的任务卡。,“我需要你亲自处理这件事。”
intrigue,base,Spread the Wealth,,False,utility,,,,,,,Take 4 gold from the supply and choose 1 opponent. That opponent takes 2 gold from the supply.,"“You can often avoid a mangy dog’s bite
by tossing the poor creature a bone.”",LW_Intrigue_40,LW_Intrigue_40,assets/cards/LW_Intrigue_40.webp,Key_SpreadtheWealth,cards_intrigue.lua,,,"{""zh_codex"": {""label"": ""中文校译"", ""source"": ""Codex intrigue translation using locked project terminology, local DND references, and attempted wiki check, 2026-06-02"", ""name"": ""分润财富"", ""card_text"": ""从供应区拿取 4 金币，并选择 1 名对手。该对手从供应区拿取 2 金币。"", ""possible_lore_text"": ""你常常只要给一只脏兮兮的狗丢根骨头，就能躲过它的一口。""}}",分润财富,从供应区拿取 4 金币，并选择 1 名对手。该对手从供应区拿取 2 金币。,你常常只要给一只脏兮兮的狗丢根骨头，就能躲过它的一口。
intrigue,base,Summon the Faithful,,False,utility,,,,,,,Take 1 cleric from the supply and place it in your Tavern. Each opponent can choose to give you 1 cleric once to score 5 VP. (Place it in your Tavern.),“Good works always need more hands.”,LW_Intrigue_42,LW_Intrigue_42,assets/cards/LW_Intrigue_42.webp,Key_SummontheFaithful,cards_intrigue.lua,,,"{""zh_codex"": {""label"": ""中文校译"", ""source"": ""Codex intrigue translation using locked project terminology, local DND references, and attempted wiki check, 2026-06-02"", ""name"": ""召集信众"", ""card_text"": ""从供应区拿取 1 个牧师并放入你的酒馆。每名对手各可选择一次，给你 1 个牧师以获得 5 VP。（将该牧师放入你的酒馆。）"", ""possible_lore_text"": ""“善行总需要更多人手。”""}}",召集信众,从供应区拿取 1 个牧师并放入你的酒馆。每名对手各可选择一次，给你 1 个牧师以获得 5 VP。（将该牧师放入你的酒馆。）,“善行总需要更多人手。”
intrigue,base,Tax Collection,,False,utility,,,,,,,Take 4 gold from the supply. Each opponent can choose to pay you 4 gold once to score 4 VP.,"“Death and taxes? The only thing
certain in Waterdeep is taxes!”",LW_Intrigue_43,LW_Intrigue_43,assets/cards/LW_Intrigue_43.webp,Key_TaxCollection,cards_intrigue.lua,,,"{""zh_codex"": {""label"": ""中文校译"", ""source"": ""Codex intrigue translation using locked project terminology, local DND references, and attempted wiki check, 2026-06-02"", ""name"": ""征税"", ""card_text"": ""从供应区拿取 4 金币。每名对手各可选择一次，支付给你 4 金币以获得 4 VP。"", ""possible_lore_text"": ""“死亡和税？深水城唯一确定的事，只有税！”""}}",征税,从供应区拿取 4 金币。每名对手各可选择一次，支付给你 4 金币以获得 4 VP。,“死亡和税？深水城唯一确定的事，只有税！”
intrigue,skullport,Blackmail,,False,attack,,,,,,,Choose 1 opponent. Remove 2G from his or her Tavern and place it in your Tavern. Look at that opponent's Lord card.,"The Lords’ identities are secret to protect
themselves and their loved ones.",SP_Intrigue_01,SP_Intrigue_01,assets/cards/SP_Intrigue_01.webp,Key_Blackmail,cards_intrigue_SP.lua,,,"{""zh_codex"": {""label"": ""中文校译"", ""source"": ""Codex intrigue translation using locked project terminology, local DND references, and attempted wiki check, 2026-06-02"", ""name"": ""敲诈"", ""card_text"": ""选择 1 名对手。从其酒馆移除 2 金币并放入你的酒馆。查看该对手的领主卡。"", ""possible_lore_text"": ""领主们的身份保密，是为了保护他们自己和他们所爱之人。""}}",敲诈,选择 1 名对手。从其酒馆移除 2 金币并放入你的酒馆。查看该对手的领主卡。,领主们的身份保密，是为了保护他们自己和他们所爱之人。
intrigue,skullport,Doppelganger!,,False,attack,,,,,,,Choose an action space containing an Agent of an opponent with more Corruption than you. You use that space's action as though you assigned an Agent to it.,“Back so soon?”,SP_Intrigue_02,SP_Intrigue_02,assets/cards/SP_Intrigue_02.webp,Key_Doppelganger,cards_intrigue_SP.lua,,,"{""zh_codex"": {""label"": ""中文校译"", ""source"": ""Codex intrigue translation using locked project terminology, local DND references, and attempted wiki check, 2026-06-02"", ""name"": ""变形怪！"", ""card_text"": ""选择 1 个有代理人的行动格，且该代理人属于一名腐化比你多的对手。你使用该行动格的行动，视同你曾向那里指派代理人。"", ""possible_lore_text"": ""“这么快又回来了？”""}}",变形怪！,选择 1 个有代理人的行动格，且该代理人属于一名腐化比你多的对手。你使用该行动格的行动，视同你曾向那里指派代理人。,“这么快又回来了？”
intrigue,skullport,Expose Corruption,,False,attack,,,,,,,Each opponent with more Corruption than you takes 1 Corruption from the Corruption track and places it in his or her Tavern.,Closed doors can’t hold back justice.,SP_Intrigue_03,SP_Intrigue_03,assets/cards/SP_Intrigue_03.webp,Key_ExposeCorruption,cards_intrigue_SP.lua,,,"{""zh_codex"": {""label"": ""中文校译"", ""source"": ""Codex intrigue translation using locked project terminology, local DND references, and attempted wiki check, 2026-06-02"", ""name"": ""揭露腐化"", ""card_text"": ""每名腐化比你多的对手从腐化轨拿取 1 个腐化并放入其酒馆。"", ""possible_lore_text"": ""紧闭的门挡不住正义。""}}",揭露腐化,每名腐化比你多的对手从腐化轨拿取 1 个腐化并放入其酒馆。,紧闭的门挡不住正义。
intrigue,skullport,Foist Responsibility,,False,attack,,,,,,,"Take 1 Corruption from the Corruption track, place it in your Tavern, and give 1 of your uncompleted Mandatory Quests to an opponent with at least 1 Corruption.",Delegating only works when you’re in charge.,SP_Intrigue_05,SP_Intrigue_05,assets/cards/SP_Intrigue_05.webp,Key_FoistResponsibility,cards_intrigue_SP.lua,,,"{""zh_codex"": {""label"": ""中文校译"", ""source"": ""Codex intrigue translation using locked project terminology, local DND references, and attempted wiki check, 2026-06-02"", ""name"": ""推卸责任"", ""card_text"": ""从腐化轨拿取 1 个腐化并放入你的酒馆，然后将你 1 张未完成的强制任务卡交给一名拥有至少 1 个腐化的对手。"", ""possible_lore_text"": ""只有当你说了算的时候，授权才管用。""}}",推卸责任,从腐化轨拿取 1 个腐化并放入你的酒馆，然后将你 1 张未完成的强制任务卡交给一名拥有至少 1 个腐化的对手。,只有当你说了算的时候，授权才管用。
intrigue,skullport,Forge Deed,,False,attack,,,,,,,"Take 2 Corruption from the Corruption track, place it in your Tavern, and gain control of 1 Building under an opponent's control.","The Poisoned Quill’s proprietor might be nearly blind,
but Issayk has the best hand in the business.",SP_Intrigue_06,SP_Intrigue_06,assets/cards/SP_Intrigue_06.webp,Key_ForgeDeed,cards_intrigue_SP.lua,,,"{""zh_codex"": {""label"": ""中文校译"", ""source"": ""Codex intrigue translation using locked project terminology, local DND references, and attempted wiki check, 2026-06-02"", ""name"": ""伪造契据"", ""card_text"": ""从腐化轨拿取 2 个腐化并放入你的酒馆，然后获得一名对手所控制的 1 个建筑的控制权。"", ""possible_lore_text"": ""淬毒羽笔的老板几乎失明，但伊赛克的笔迹仍是行内翘楚。""}}",伪造契据,从腐化轨拿取 2 个腐化并放入你的酒馆，然后获得一名对手所控制的 1 个建筑的控制权。,淬毒羽笔的老板几乎失明，但伊赛克的笔迹仍是行内翘楚。
intrigue,skullport,Black Market Money,,False,utility,,,,,,,"Take 8 gold from the supply and 1 Corruption from the Corruption track, and place them in your Tavern. Each opponent can take 4 gold and 1 Corruption and place them in his or her supply.",Dirty money is still money.,SP_Intrigue_07,SP_Intrigue_07,assets/cards/SP_Intrigue_07.webp,Key_BlackMarketMoney,cards_intrigue_SP.lua,,,"{""zh_codex"": {""label"": ""中文校译"", ""source"": ""Codex intrigue translation using locked project terminology, local DND references, and attempted wiki check, 2026-06-02"", ""name"": ""黑市资金"", ""card_text"": ""从供应区拿取 8 金币，并从腐化轨拿取 1 个腐化，将它们放入你的酒馆。每名对手可以拿取 4 金币和 1 个腐化，并放入其酒馆。"", ""possible_lore_text"": ""脏钱也还是钱。""}}",黑市资金,从供应区拿取 8 金币，并从腐化轨拿取 1 个腐化，将它们放入你的酒馆。每名对手可以拿取 4 金币和 1 个腐化，并放入其酒馆。,脏钱也还是钱。
intrigue,skullport,Bribe the Watch,,False,utility,,,,,,,Spend 2 gold: Return up to 3 Corruption from your Tavern to the Corruption track. Each opponent can spend 4 gold to return 1 Corruption to the Corruption track.,Gold’s shine can be blinding.,SP_Intrigue_08,SP_Intrigue_08,assets/cards/SP_Intrigue_08.webp,Key_BribetheWatch,cards_intrigue_SP.lua,,,"{""zh_codex"": {""label"": ""中文校译"", ""source"": ""Codex intrigue translation using locked project terminology, local DND references, and attempted wiki check, 2026-06-02"", ""name"": ""贿赂城卫"", ""card_text"": ""花费 2 金币：将你酒馆中最多 3 个腐化归还腐化轨。每名对手可以花费 4 金币，将 1 个腐化归还腐化轨。"", ""possible_lore_text"": ""金币的光芒有时足以令人目盲。""}}",贿赂城卫,花费 2 金币：将你酒馆中最多 3 个腐化归还腐化轨。每名对手可以花费 4 金币，将 1 个腐化归还腐化轨。,金币的光芒有时足以令人目盲。
intrigue,skullport,Corrupting Influence,,False,utility,,,,,,,Place 1 Corruption from the Corruption track on each of 2 different spaces.,No one who works in the gutter stays clean.,SP_Intrigue_09,SP_Intrigue_09,assets/cards/SP_Intrigue_09.webp,Key_CorruptingInfluence,cards_intrigue_SP.lua,,,"{""zh_codex"": {""label"": ""中文校译"", ""source"": ""Codex intrigue translation using locked project terminology, local DND references, and attempted wiki check, 2026-06-02"", ""name"": ""腐化影响"", ""card_text"": ""从腐化轨拿取 2 个腐化，分别放到 2 个不同的行动格上，每个行动格放 1 个。"", ""possible_lore_text"": ""在阴沟里干活的人，没有谁能保持干净。""}}",腐化影响,从腐化轨拿取 2 个腐化，分别放到 2 个不同的行动格上，每个行动格放 1 个。,在阴沟里干活的人，没有谁能保持干净。
intrigue,skullport,Dark Dagger Assassination,,False,utility,,,,,,,"Take 4 Rogues from the supply and 1 Corruption from the Corruption track, and place them in your Tavern. Each opponent can take 2 Rogues and 1 Corruption and place them in his or her supply.",Life is priceless; death is negotiable.,SP_Intrigue_11,SP_Intrigue_11,assets/cards/SP_Intrigue_11.webp,Key_DarkDaggerAssassination,cards_intrigue_SP.lua,,,"{""zh_codex"": {""label"": ""中文校译"", ""source"": ""Codex intrigue translation using locked project terminology, local DND references, and attempted wiki check, 2026-06-02"", ""name"": ""黑匕首暗杀"", ""card_text"": ""从供应区拿取 4 个盗贼，并从腐化轨拿取 1 个腐化，将它们放入你的酒馆。每名对手可以拿取 2 个盗贼和 1 个腐化，并放入其酒馆。"", ""possible_lore_text"": ""生命无价；死亡可以议价。""}}",黑匕首暗杀,从供应区拿取 4 个盗贼，并从腐化轨拿取 1 个腐化，将它们放入你的酒馆。每名对手可以拿取 2 个盗贼和 1 个腐化，并放入其酒馆。,生命无价；死亡可以议价。
intrigue,skullport,Donations for Cyric,,False,utility,,,,,,,"Take 2 Clerics from the supply and 1 Corruption from the Corruption track, and place them in your Tavern. Each opponent can take 1 Cleric and 1 Corruption and place them in his or her supply.","Cyric, the god of strife and murder, is
despised throughout the lands.",SP_Intrigue_12,SP_Intrigue_12,assets/cards/SP_Intrigue_12.webp,Key_DonationsforCyric,cards_intrigue_SP.lua,,,"{""zh_codex"": {""label"": ""中文校译"", ""source"": ""Codex intrigue translation using locked project terminology, local DND references, and attempted wiki check, 2026-06-02"", ""name"": ""给希瑞克的献金"", ""card_text"": ""从供应区拿取 2 个牧师，并从腐化轨拿取 1 个腐化，将它们放入你的酒馆。每名对手可以拿取 1 个牧师和 1 个腐化，并放入其酒馆。"", ""possible_lore_text"": ""希瑞克是纷争与谋杀之神，遭到各地厌恶。""}}",给希瑞克的献金,从供应区拿取 2 个牧师，并从腐化轨拿取 1 个腐化，将它们放入你的酒馆。每名对手可以拿取 1 个牧师和 1 个腐化，并放入其酒馆。,希瑞克是纷争与谋杀之神，遭到各地厌恶。
intrigue,skullport,Honorable Example,,False,utility,,,,,,,Score 6 VP if each opponent has more Corruption than you.,Taking the high road is sometimes worth the effort.,SP_Intrigue_13,SP_Intrigue_13,assets/cards/SP_Intrigue_13.webp,Key_HonorableExample,cards_intrigue_SP.lua,,,"{""zh_codex"": {""label"": ""中文校译"", ""source"": ""Codex intrigue translation using locked project terminology, local DND references, and attempted wiki check, 2026-06-02"", ""name"": ""清廉表率"", ""card_text"": ""如果每名对手的腐化都比你多，获得 6 VP。"", ""possible_lore_text"": ""走正道有时值得费些力气。""}}",清廉表率,如果每名对手的腐化都比你多，获得 6 VP。,走正道有时值得费些力气。
intrigue,skullport,Iron Ring Slaves,,False,utility,,,,,,,"Take 4 Warriors from the supply and 1 Corruption from the Corruption track, and place them in your Tavern. Each opponent can take 2 Warriors and 1 Corruption and place them in his or her supply.","“Your purchases will be kept in Skull Island Prison
until you can retrieve them.”",SP_Intrigue_14,SP_Intrigue_14,assets/cards/SP_Intrigue_14.webp,Key_IronRingSlaves,cards_intrigue_SP.lua,,,"{""zh_codex"": {""label"": ""中文校译"", ""source"": ""Codex intrigue translation using locked project terminology, local DND references, and attempted wiki check, 2026-06-02"", ""name"": ""铁环奴隶"", ""card_text"": ""从供应区拿取 4 个战士，并从腐化轨拿取 1 个腐化，将它们放入你的酒馆。每名对手可以拿取 2 个战士和 1 个腐化，并放入其酒馆。"", ""possible_lore_text"": ""“你购买的货物会暂存于骷髅岛监狱，直到你能取回它们。”""}}",铁环奴隶,从供应区拿取 4 个战士，并从腐化轨拿取 1 个腐化，将它们放入你的酒馆。每名对手可以拿取 2 个战士和 1 个腐化，并放入其酒馆。,“你购买的货物会暂存于骷髅岛监狱，直到你能取回它们。”
intrigue,skullport,Mind Flayer Mercenaries,,False,utility,,,,,,,"Take 2 Wizards from the supply and 1 Corruption from the Corruption track, and place them in your Tavern. Each opponent can take 1 Wizard and 1 Corruption and place them in his or her supply.","“I don’t want to know how you do it.
Just tell me when it’s done.”",SP_Intrigue_15,SP_Intrigue_15,assets/cards/SP_Intrigue_15.webp,Key_MindFlayerMercenaries,cards_intrigue_SP.lua,,,"{""zh_codex"": {""label"": ""中文校译"", ""source"": ""Codex intrigue translation using locked project terminology, local DND references, and attempted wiki check, 2026-06-02"", ""name"": ""夺心魔佣兵"", ""card_text"": ""从供应区拿取 2 个法师，并从腐化轨拿取 1 个腐化，将它们放入你的酒馆。每名对手可以拿取 1 个法师和 1 个腐化，并放入其酒馆。"", ""possible_lore_text"": ""“我不想知道你是怎么做到的。办完了告诉我就行。”""}}",夺心魔佣兵,从供应区拿取 2 个法师，并从腐化轨拿取 1 个腐化，将它们放入你的酒馆。每名对手可以拿取 1 个法师和 1 个腐化，并放入其酒馆。,“我不想知道你是怎么做到的。办完了告诉我就行。”
intrigue,skullport,Release the Hounds,,False,utility,,,,,,,Take 1 Corruption from the Corruption track and remove them from the game.,"It’s the Lords’ job to make sure that crime
doesn’t pay–for anyone else.",SP_Intrigue_16,SP_Intrigue_16,assets/cards/SP_Intrigue_16.webp,Key_ReleasetheHounds,cards_intrigue_SP.lua,,,"{""zh_codex"": {""label"": ""中文校译"", ""source"": ""Codex intrigue translation using locked project terminology, local DND references, and attempted wiki check, 2026-06-02"", ""name"": ""放出猎犬"", ""card_text"": ""从腐化轨拿取 3 个腐化并将其移出游戏。"", ""possible_lore_text"": ""领主们的职责，就是确保犯罪不会有利可图，至少不能让别人得利。""}}",放出猎犬,从腐化轨拿取 3 个腐化并将其移出游戏。,领主们的职责，就是确保犯罪不会有利可图，至少不能让别人得利。
intrigue,skullport,Repent,,False,utility,,,,,,,Return 1 Corruption from your Tavern to the Corruption track.,Better to forgive small crimes than to allow atrocities.,SP_Intrigue_18,SP_Intrigue_18,assets/cards/SP_Intrigue_18.webp,Key_Repent,cards_intrigue_SP.lua,,,"{""zh_codex"": {""label"": ""中文校译"", ""source"": ""Codex intrigue translation using locked project terminology, local DND references, and attempted wiki check, 2026-06-02"", ""name"": ""忏悔"", ""card_text"": ""将你酒馆中的 1 个腐化归还腐化轨。"", ""possible_lore_text"": ""宽恕小罪，胜过纵容暴行。""}}",忏悔,将你酒馆中的 1 个腐化归还腐化轨。,宽恕小罪，胜过纵容暴行。
intrigue,skullport,Scapegoat,,False,utility,,,,,,,Return 1 Adventurer to the supply and up to 2 Corruption from your Tavern to the Corruption track. Each opponent can return 2 Adventurers and 1 Corruption from his or her Tavern.,"“Someone’s gotta take the fall,
and it ain’t gonna be me!”",SP_Intrigue_21,SP_Intrigue_21,assets/cards/SP_Intrigue_21.webp,Key_Scapegoat,cards_intrigue_SP.lua,,,"{""zh_codex"": {""label"": ""中文校译"", ""source"": ""Codex intrigue translation using locked project terminology, local DND references, and attempted wiki check, 2026-06-02"", ""name"": ""替罪羊"", ""card_text"": ""将 1 个冒险者归还供应区，并将你酒馆中最多 2 个腐化归还腐化轨。每名对手可以将其酒馆中的 2 个冒险者归还供应区，并将 1 个腐化归还腐化轨。"", ""possible_lore_text"": ""“总得有人背锅，但绝不会是我！”""}}",替罪羊,将 1 个冒险者归还供应区，并将你酒馆中最多 2 个腐化归还腐化轨。每名对手可以将其酒馆中的 2 个冒险者归还供应区，并将 1 个腐化归还腐化轨。,“总得有人背锅，但绝不会是我！”
intrigue,skullport,Rapid Expansion,,False,utility,,,,,,,Pay 5 Gold. Look at the top 5 cards in the Building stack. Put 1 of those Buildings into play under your control at no cost and put the rest on the bottom of the stack.,A coin in the right hand can pay off a hundredfold.,SP_Intrigue_26,SP_Intrigue_26,assets/cards/SP_Intrigue_26.webp,Key_RapidExpansion,cards_intrigue_SP.lua,,,"{""zh_codex"": {""label"": ""中文校译"", ""source"": ""Codex intrigue translation using locked project terminology, local DND references, and attempted wiki check, 2026-06-02"", ""name"": ""快速扩张"", ""card_text"": ""支付 5 金币。查看建筑堆顶的 5 张牌。选择其中 1 个建筑，不支付费用，将其放入场上并由你控制；将其余牌放到建筑堆底。"", ""possible_lore_text"": ""把一枚金币交到合适的人手里，回报可能百倍而来。""}}",快速扩张,支付 5 金币。查看建筑堆顶的 5 张牌。选择其中 1 个建筑，不支付费用，将其放入场上并由你控制；将其余牌放到建筑堆底。,把一枚金币交到合适的人手里，回报可能百倍而来。
intrigue,undermountain,Call for Assistance,,False,attack,,,,,,,"Choose 1 opponent. Remove
 2 Fighters, 2 Rogues, or
 1 Fighter and 1 Rogue from
 his or her Tavern and place
 them in your Tavern.","The Lords of Waterdeep requisition
help in times of need.",UM_Intrigue_01,UM_Intrigue_01,assets/cards/UM_Intrigue_01.webp,Key_CallforAssistance,cards_intrigue_UM.lua,,,"{""zh_codex"": {""label"": ""中文校译"", ""source"": ""Codex intrigue translation using locked project terminology, local DND references, and attempted wiki check, 2026-06-02"", ""name"": ""请求支援"", ""card_text"": ""选择 1 名对手。从其酒馆移除 2 个战士、2 个盗贼，或 1 个战士和 1 个盗贼，并将它们放入你的酒馆。"", ""possible_lore_text"": ""深水城领主在需要时会征用援手。""}}",请求支援,选择 1 名对手。从其酒馆移除 2 个战士、2 个盗贼，或 1 个战士和 1 个盗贼，并将它们放入你的酒馆。,深水城领主在需要时会征用援手。
intrigue,undermountain,Demolish,,False,attack,,,,,,,"Choose 1 Building in play
 that has no Agent assigned
 to it and discard it. If you
 were not the owner, pay the Gold
 cost of that Building to
 its owner. Put 1 Building
 in Builder's Hall in play
 under your control at no
 cost.","Sometimes tenants need a little
encouragement to move out.",UM_Intrigue_03,UM_Intrigue_03,assets/cards/UM_Intrigue_03.webp,Key_Demolish,cards_intrigue_UM.lua,,,"{""zh_codex"": {""label"": ""中文校译"", ""source"": ""Codex intrigue translation using locked project terminology, local DND references, and attempted wiki check, 2026-06-02"", ""name"": ""拆除"", ""card_text"": ""选择场上 1 个没有代理人指派其上的建筑并弃掉它。如果你不是该建筑的拥有者，向其拥有者支付该建筑的金币费用。选择建造者大厅中的 1 个建筑，不支付费用，将其放入场上并由你控制。"", ""possible_lore_text"": ""有时租客需要一点鼓励，才肯搬走。""}}",拆除,选择场上 1 个没有代理人指派其上的建筑并弃掉它。如果你不是该建筑的拥有者，向其拥有者支付该建筑的金币费用。选择建造者大厅中的 1 个建筑，不支付费用，将其放入场上并由你控制。,有时租客需要一点鼓励，才肯搬走。
intrigue,undermountain,Inevitable Betrayal,,False,attack,,,,,,,"Choose 1 opponent. Remove
 1 adventurer of any kind and
 2 gold from his or her Tavern
 and place them in your Tavern.
 Give this card to the
 chosen opponent after
 playing it.",Cue evil laugh.,UM_Intrigue_04,UM_Intrigue_04,assets/cards/UM_Intrigue_04.webp,Key_InevitableBetrayal,cards_intrigue_UM.lua,,,"{""zh_codex"": {""label"": ""中文校译"", ""source"": ""Codex intrigue translation using locked project terminology, local DND references, and attempted wiki check, 2026-06-02"", ""name"": ""必然背叛"", ""card_text"": ""选择 1 名对手。从其酒馆移除任意 1 个冒险者和 2 金币，并将它们放入你的酒馆。打出此卡后，将此卡交给所选对手。"", ""possible_lore_text"": ""此处应响起邪恶的笑声。""}}",必然背叛,选择 1 名对手。从其酒馆移除任意 1 个冒险者和 2 金币，并将它们放入你的酒馆。打出此卡后，将此卡交给所选对手。,此处应响起邪恶的笑声。
intrigue,undermountain,Manipulate,,False,attack,,,,,,,"Choose an action space
 containing an opponent's Agent
 and move that Agent to an
 unoccupied space. The opponent
 can take the new space's
 action. Then assign 1 of
 your unassigned Agents.","The world is a machine of countless parts. One slight
adjustment can throw everything out of whack.",UM_Intrigue_05,UM_Intrigue_05,assets/cards/UM_Intrigue_05.webp,Key_Manipulate,cards_intrigue_UM.lua,,,"{""zh_codex"": {""label"": ""中文校译"", ""source"": ""Codex intrigue translation using locked project terminology, local DND references, and attempted wiki check, 2026-06-02"", ""name"": ""操纵"", ""card_text"": ""选择 1 个有对手代理人的行动格，将该代理人移动到 1 个未占用的行动格。该对手可以执行新行动格的行动。然后指派你 1 个未指派的代理人。"", ""possible_lore_text"": ""世界是一台由无数零件组成的机器。一点细微调整，就能让一切失衡。""}}",操纵,选择 1 个有对手代理人的行动格，将该代理人移动到 1 个未占用的行动格。该对手可以执行新行动格的行动。然后指派你 1 个未指派的代理人。,世界是一台由无数零件组成的机器。一点细微调整，就能让一切失衡。
intrigue,undermountain,Preferential Treatment,,False,attack,,,,,,,"Take 2 Gold from the
 supply and place it in your
 Tavern. Take the starting player
 marker.","Wherever you end up, high or low,
it pays to have friends.",UM_Intrigue_06,UM_Intrigue_06,assets/cards/UM_Intrigue_06.webp,Key_PreferentialTreatment,cards_intrigue_UM.lua,,,"{""zh_codex"": {""label"": ""中文校译"", ""source"": ""Codex intrigue translation using locked project terminology, local DND references, and attempted wiki check, 2026-06-02"", ""name"": ""优待"", ""card_text"": ""从供应区拿取 2 金币并放入你的酒馆。拿取起始玩家标记。"", ""possible_lore_text"": ""无论你最后身在高处还是低处，有朋友总是划算。""}}",优待,从供应区拿取 2 金币并放入你的酒馆。拿取起始玩家标记。,无论你最后身在高处还是低处，有朋友总是划算。
intrigue,undermountain,Allied Faiths,,False,utility,,,,,,,"Give 1 opponent a cleric
 from your Tavern and
 score 8 VP.","Two voices in prayer together accomplish
more than each alone.",UM_Intrigue_07,UM_Intrigue_07,assets/cards/UM_Intrigue_07.webp,Key_AlliedFaiths,cards_intrigue_UM.lua,,,"{""zh_codex"": {""label"": ""中文校译"", ""source"": ""Codex intrigue translation using locked project terminology, local DND references, and attempted wiki check, 2026-06-02"", ""name"": ""信仰同盟"", ""card_text"": ""将你酒馆中的 1 个牧师给 1 名对手，并获得 8 VP。"", ""possible_lore_text"": ""两道祈祷之声合在一起，成就胜过各自独行。""}}",信仰同盟,将你酒馆中的 1 个牧师给 1 名对手，并获得 8 VP。,两道祈祷之声合在一起，成就胜过各自独行。
intrigue,undermountain,Architectural Innovation,,False,utility,,,,,,,"Take 2 Gold from the supply
 and place it in your Tavern.
 You can purchase 1 face-up
 Building in Builder's Hall.","Sometimes the best innovation is controlling the Guild
of Stonecutters, Masons, Potters & Tile-makers.",UM_Intrigue_08,UM_Intrigue_08,assets/cards/UM_Intrigue_08.webp,Key_ArchitecturalInnovation,cards_intrigue_UM.lua,,,"{""zh_codex"": {""label"": ""中文校译"", ""source"": ""Codex intrigue translation using locked project terminology, local DND references, and attempted wiki check, 2026-06-02"", ""name"": ""建筑创新"", ""card_text"": ""从供应区拿取 2 金币并放入你的酒馆。你可以购买建造者大厅中 1 个面朝上的建筑。"", ""possible_lore_text"": ""有时最好的创新，就是控制石匠、泥瓦匠、陶工及砖瓦匠公会。""}}",建筑创新,从供应区拿取 2 金币并放入你的酒馆。你可以购买建造者大厅中 1 个面朝上的建筑。,有时最好的创新，就是控制石匠、泥瓦匠、陶工及砖瓦匠公会。
intrigue,undermountain,Friendly Loan,,False,utility,,,,,,,"Give 1 opponent
 4 gold from your Tavern
 and score 8 VP.",The potential return on investment is incalculable.,UM_Intrigue_09,UM_Intrigue_09,assets/cards/UM_Intrigue_09.webp,Key_FriendlyLoan,cards_intrigue_UM.lua,,,"{""zh_codex"": {""label"": ""中文校译"", ""source"": ""Codex intrigue translation using locked project terminology, local DND references, and attempted wiki check, 2026-06-02"", ""name"": ""友好贷款"", ""card_text"": ""将你酒馆中的 4 金币给 1 名对手，并获得 8 VP。"", ""possible_lore_text"": ""潜在的投资回报不可估量。""}}",友好贷款,将你酒馆中的 4 金币给 1 名对手，并获得 8 VP。,潜在的投资回报不可估量。
intrigue,undermountain,Honor Among Thieves,,False,utility,,,,,,,"Give 1 opponent
 2 Rogues from your Tavern
 and score 8 VP.",No good deed goes unpunished.,UM_Intrigue_10,UM_Intrigue_10,assets/cards/UM_Intrigue_10.webp,Key_HonorAmongThieves,cards_intrigue_UM.lua,,,"{""zh_codex"": {""label"": ""中文校译"", ""source"": ""Codex intrigue translation using locked project terminology, local DND references, and attempted wiki check, 2026-06-02"", ""name"": ""盗亦有道"", ""card_text"": ""将你酒馆中的 2 个盗贼给 1 名对手，并获得 8 VP。"", ""possible_lore_text"": ""好心从来不会没有代价。""}}",盗亦有道,将你酒馆中的 2 个盗贼给 1 名对手，并获得 8 VP。,好心从来不会没有代价。
intrigue,undermountain,Information Broker,,False,utility,,,,,,,"Draw 3 Intrigue cards.
 Each opponent draws 1 Intrigue
 card.",You just have to know where to look.,UM_Intrigue_11,UM_Intrigue_11,assets/cards/UM_Intrigue_11.webp,Key_InformationBroker,cards_intrigue_UM.lua,,,"{""zh_codex"": {""label"": ""中文校译"", ""source"": ""Codex intrigue translation using locked project terminology, local DND references, and attempted wiki check, 2026-06-02"", ""name"": ""情报掮客"", ""card_text"": ""抽 3 张阴谋卡。每名对手抽 1 张阴谋卡。"", ""possible_lore_text"": ""你只需要知道去哪里找。""}}",情报掮客,抽 3 张阴谋卡。每名对手抽 1 张阴谋卡。,你只需要知道去哪里找。
intrigue,undermountain,Mercenary Contract,,False,utility,,,,,,,"Give 1 opponent
 2 Fighters from your Tavern
 and score 8VP.","Creating a new mercenary company can
bring prestige to the sponsor.",UM_Intrigue_13,UM_Intrigue_13,assets/cards/UM_Intrigue_13.webp,Key_MercenaryContract,cards_intrigue_UM.lua,,,"{""zh_codex"": {""label"": ""中文校译"", ""source"": ""Codex intrigue translation using locked project terminology, local DND references, and attempted wiki check, 2026-06-02"", ""name"": ""佣兵契约"", ""card_text"": ""将你酒馆中的 2 个战士给 1 名对手，并获得 8 VP。"", ""possible_lore_text"": ""创建一支新的佣兵团，能为赞助者带来声望。""}}",佣兵契约,将你酒馆中的 2 个战士给 1 名对手，并获得 8 VP。,创建一支新的佣兵团，能为赞助者带来声望。
intrigue,undermountain,Open Lord,,False,utility,,,,,,,"Reveal your Lord card
 and discard any of your uncompleted
 Mandatory Quests. For the rest
 of the game, you cannot be
 affected by Attack and
 Mandatory Quest Intrigue
 cards played by opponents.","Only one Lord is revealed to the public,
serving as the city’s chief diplomat.",UM_Intrigue_14,UM_Intrigue_14,assets/cards/UM_Intrigue_14.webp,Key_OpenLord,cards_intrigue_UM.lua,,,"{""zh_codex"": {""label"": ""中文校译"", ""source"": ""Codex intrigue translation using locked project terminology, local DND references, and attempted wiki check, 2026-06-02"", ""name"": ""公开领主"", ""card_text"": ""展示你的领主卡，并弃掉你所有未完成的强制任务。在本局游戏余下时间里，你不会受到对手打出的攻击类阴谋卡和强制任务类阴谋卡影响。"", ""possible_lore_text"": ""只有一位领主会向公众公开身份，担任这座城市的首席外交官。""}}",公开领主,展示你的领主卡，并弃掉你所有未完成的强制任务。在本局游戏余下时间里，你不会受到对手打出的攻击类阴谋卡和强制任务类阴谋卡影响。,只有一位领主会向公众公开身份，担任这座城市的首席外交官。
intrigue,undermountain,Organized Crime,,False,utility,,,,,,,"Take 2 Rogues from the
 supply and place them in your
 Tavern. Place 1 Rogue from
 the supply on each of 2
 different action spaces.","Although the Eye controls most of Waterdeep’s criminal
activity, there are always a few independent agents.",UM_Intrigue_15,UM_Intrigue_15,assets/cards/UM_Intrigue_15.webp,Key_OrganizedCrime,cards_intrigue_UM.lua,,,"{""zh_codex"": {""label"": ""中文校译"", ""source"": ""Codex intrigue translation using locked project terminology, local DND references, and attempted wiki check, 2026-06-02"", ""name"": ""有组织犯罪"", ""card_text"": ""从供应区拿取 2 个盗贼并放入你的酒馆。从供应区拿取 2 个盗贼，分别放到 2 个不同的行动格上，每个行动格放 1 个。"", ""possible_lore_text"": ""虽然眼主控制着深水城大部分犯罪活动，但总还有少数独立行动者。""}}",有组织犯罪,从供应区拿取 2 个盗贼并放入你的酒馆。从供应区拿取 2 个盗贼，分别放到 2 个不同的行动格上，每个行动格放 1 个。,虽然眼主控制着深水城大部分犯罪活动，但总还有少数独立行动者。
intrigue,undermountain,Proselytize,,False,utility,,,,,,,"Take 1 Cleric from the
 supply and place it in your
 Tavern. Place 1 Cleric from
 the supply on any action space.",Dangerous times lead many to consider their souls.,UM_Intrigue_16,UM_Intrigue_16,assets/cards/UM_Intrigue_16.webp,Key_Proselytize,cards_intrigue_UM.lua,,,"{""zh_codex"": {""label"": ""中文校译"", ""source"": ""Codex intrigue translation using locked project terminology, local DND references, and attempted wiki check, 2026-06-02"", ""name"": ""传教"", ""card_text"": ""从供应区拿取 1 个牧师并放入你的酒馆。从供应区拿取 1 个牧师，放到任意 1 个行动格上。"", ""possible_lore_text"": ""危险的时代会让许多人开始思量自己的灵魂。""}}",传教,从供应区拿取 1 个牧师并放入你的酒馆。从供应区拿取 1 个牧师，放到任意 1 个行动格上。,危险的时代会让许多人开始思量自己的灵魂。
intrigue,undermountain,Recruitment Drive,,False,utility,,,,,,,"Take 2 Fighters from the
 supply and place them in your
 Tavern. Place 1 Fighter from
 the supply on each of
 2 different action spaces.","The City Guard’s frequent recruitment drives are
excellent sources of able-bodied adventurers.",UM_Intrigue_17,UM_Intrigue_17,assets/cards/UM_Intrigue_17.webp,Key_RecruitmentDrive,cards_intrigue_UM.lua,,,"{""zh_codex"": {""label"": ""中文校译"", ""source"": ""Codex intrigue translation using locked project terminology, local DND references, and attempted wiki check, 2026-06-02"", ""name"": ""招募活动"", ""card_text"": ""从供应区拿取 2 个战士并放入你的酒馆。从供应区拿取 2 个战士，分别放到 2 个不同的行动格上，每个行动格放 1 个。"", ""possible_lore_text"": ""城市守卫联盟频繁的招募活动，是健壮冒险者的绝佳来源。""}}",招募活动,从供应区拿取 2 个战士并放入你的酒馆。从供应区拿取 2 个战士，分别放到 2 个不同的行动格上，每个行动格放 1 个。,城市守卫联盟频繁的招募活动，是健壮冒险者的绝佳来源。
intrigue,undermountain,Sponsor Apprentices,,False,utility,,,,,,,"Take 1 Wizard from the
 supply and place it in your
 Tavern. Place 1 Wizard from
 the supply on any action space.","The Watchful Order of Magists & Protectors shields
lesser wizards from those distrustful of the Art.",UM_Intrigue_18,UM_Intrigue_18,assets/cards/UM_Intrigue_18.webp,Key_SponsorApprentices,cards_intrigue_UM.lua,,,"{""zh_codex"": {""label"": ""中文校译"", ""source"": ""Codex intrigue translation using locked project terminology, local DND references, and attempted wiki check, 2026-06-02"", ""name"": ""赞助学徒"", ""card_text"": ""从供应区拿取 1 个法师并放入你的酒馆。从供应区拿取 1 个法师，放到任意 1 个行动格上。"", ""possible_lore_text"": ""安民法师会庇护资浅法师，使他们免受不信任魔艺之人的伤害。""}}",赞助学徒,从供应区拿取 1 个法师并放入你的酒馆。从供应区拿取 1 个法师，放到任意 1 个行动格上。,安民法师会庇护资浅法师，使他们免受不信任魔艺之人的伤害。
intrigue,undermountain,Tax Revolt,,False,utility,,,,,,,"Take 5 Gold from the
 supply and place it in
 your Tavern. Place 2 Gold
 from the supply on each
 of 2 different action spaces.",“Do you think we asked for too much?”,UM_Intrigue_19,UM_Intrigue_19,assets/cards/UM_Intrigue_19.webp,Key_TaxRevolt,cards_intrigue_UM.lua,,,"{""zh_codex"": {""label"": ""中文校译"", ""source"": ""Codex intrigue translation using locked project terminology, local DND references, and attempted wiki check, 2026-06-02"", ""name"": ""抗税暴动"", ""card_text"": ""从供应区拿取 5 金币并放入你的酒馆。从供应区拿取 4 金币，分别放到 2 个不同的行动格上，每个行动格放 2 金币。"", ""possible_lore_text"": ""“你觉得我们要得太多了吗？”""}}",抗税暴动,从供应区拿取 5 金币并放入你的酒馆。从供应区拿取 4 金币，分别放到 2 个不同的行动格上，每个行动格放 2 金币。,“你觉得我们要得太多了吗？”
intrigue,undermountain,Unexpected Success,,False,utility,,,,,,,"Draw 2 Intrigue cards.
 As you draw each card, you
 can play it immediately as
 part of this action.",Good fortune is always a nice surprise.,UM_Intrigue_20,UM_Intrigue_20,assets/cards/UM_Intrigue_20.webp,Key_UnexpectedSuccess,cards_intrigue_UM.lua,,,"{""zh_codex"": {""label"": ""中文校译"", ""source"": ""Codex intrigue translation using locked project terminology, local DND references, and attempted wiki check, 2026-06-02"", ""name"": ""意外成功"", ""card_text"": ""抽 2 张阴谋卡。每抽 1 张，你都可以立即将其作为本次行动的一部分打出。"", ""possible_lore_text"": ""好运总是令人愉快的惊喜。""}}",意外成功,抽 2 张阴谋卡。每抽 1 张，你都可以立即将其作为本次行动的一部分打出。,好运总是令人愉快的惊喜。
intrigue,undermountain,Unlikely Assistance,,False,utility,,,,,,,"Give 1 opponent
 1 Wizard from your Tavern
 and score 8VP.","Woe to those who stand between an
alliance of two great powers.",UM_Intrigue_22,UM_Intrigue_22,assets/cards/UM_Intrigue_22.webp,Key_UnlikelyAssistance,cards_intrigue_UM.lua,,,"{""zh_codex"": {""label"": ""中文校译"", ""source"": ""Codex intrigue translation using locked project terminology, local DND references, and attempted wiki check, 2026-06-02"", ""name"": ""意外援助"", ""card_text"": ""将你酒馆中的 1 个法师给 1 名对手，并获得 8 VP。"", ""possible_lore_text"": ""谁若挡在两大强权的同盟之间，必将遭殃。""}}",意外援助,将你酒馆中的 1 个法师给 1 名对手，并获得 8 VP。,谁若挡在两大强权的同盟之间，必将遭殃。
lord,base,Brienne Byndraeth,,False,,,,,,,,"At the end of the game, you score 4 VP for each Arcana Quest and each Skullduggery Quest you completed.","The widow of a crime boss who was also
a Lord of Waterdeep, Brianne has close ties
to the wizard Randulaith, a member
of the city's social elite.",LW_Lord_01,LW_Lord_01,assets/cards/LW_Lord_01.webp,Key_BrienneByndraeth,cards_lords.lua,,,"{""zh_codex"": {""label"": ""中文校译"", ""source"": ""Codex translation using locked project terminology, 2026-05-27"", ""name"": ""布蕾妮·拜恩德雷斯"", ""card_text"": ""游戏结束时，你每完成 1 个奥术任务或阴谋任务，获得 4 VP。"", ""possible_lore_text"": ""布蕾妮是一名犯罪头目的遗孀，而她的丈夫也曾是深水城领主；她与巫师兰杜拉斯关系密切，后者是城中社交精英的一员。""}}",布蕾妮·拜恩德雷斯,游戏结束时，你每完成 1 个奥术任务或阴谋任务，获得 4 VP。,布蕾妮是一名犯罪头目的遗孀，而她的丈夫也曾是深水城领主；她与巫师兰杜拉斯关系密切，后者是城中社交精英的一员。
lord,base,Caladorn Cassalanter,,False,,,,,,,,"At the end of the game, you score 4 VP for each Skullduggery Quest and each Warfare Quest you completed.","Seen by many as the layabout son of a noble
family, Caladorn has quietly taken control
of the ships that protect Waterdeep's coast.",LW_Lord_02,LW_Lord_02,assets/cards/LW_Lord_02.webp,Key_CaladornCassalanter,cards_lords.lua,,,"{""zh_codex"": {""label"": ""中文校译"", ""source"": ""Codex translation using locked project terminology, 2026-05-27"", ""name"": ""卡拉多恩·卡萨兰特"", ""card_text"": ""游戏结束时，你每完成 1 个阴谋任务或战争任务，获得 4 VP。"", ""possible_lore_text"": ""在许多人眼中，卡拉多恩只是贵族家庭里游手好闲的儿子；实际上，他已悄然掌控了守护深水城海岸的舰船。""}}",卡拉多恩·卡萨兰特,游戏结束时，你每完成 1 个阴谋任务或战争任务，获得 4 VP。,在许多人眼中，卡拉多恩只是贵族家庭里游手好闲的儿子；实际上，他已悄然掌控了守护深水城海岸的舰船。
lord,base,Durnan the Wanderer,,False,,,,,,,,"At the end of the game, you score 4 VP for each Commerce Quest and each Warfare Quest you completed.","A retired adventurer, Durnan owns the
Yawning Portal, a tavern that stands above
an entrance to Undermountain.",LW_Lord_03,LW_Lord_03,assets/cards/LW_Lord_03.webp,Key_DurnantheWanderer,cards_lords.lua,,,"{""zh_codex"": {""label"": ""中文校译"", ""source"": ""Codex translation using locked project terminology, 2026-05-27"", ""name"": ""杜尔南·流浪者"", ""card_text"": ""游戏结束时，你每完成 1 个商业任务或战争任务，获得 4 VP。"", ""possible_lore_text"": ""身为退休冒险者，杜尔南拥有哈欠门酒馆；这座酒馆坐落在地脉迷城的一处入口之上。""}}",杜尔南·流浪者,游戏结束时，你每完成 1 个商业任务或战争任务，获得 4 VP。,身为退休冒险者，杜尔南拥有哈欠门酒馆；这座酒馆坐落在地脉迷城的一处入口之上。
lord,base,"Khelben Arunsun, the Blackstaff",,False,,,,,,,,"At the end of the game, you score 4 VP for each Arcana Quest and each Warfare Quest you completed.","The master of Blackstaff Tower, the
accomplished wizard Khelben is famous
for founding and then abandoning
numerous organizations.",LW_Lord_04,LW_Lord_04,assets/cards/LW_Lord_04.webp,Key_KhelbenArunsuntheBlackstaff,cards_lords.lua,,,"{""zh_codex"": {""label"": ""中文校译"", ""source"": ""Codex translation using locked project terminology, 2026-05-27"", ""name"": ""凯尔本“黑杖”奥罗桑"", ""card_text"": ""游戏结束时，你每完成 1 个奥术任务或战争任务，获得 4 VP。"", ""possible_lore_text"": ""作为黑杖塔之主，技艺卓绝的法师凯尔本因创立并随后抛弃过众多组织而闻名。""}}",凯尔本“黑杖”奥罗桑,游戏结束时，你每完成 1 个奥术任务或战争任务，获得 4 VP。,作为黑杖塔之主，技艺卓绝的法师凯尔本因创立并随后抛弃过众多组织而闻名。
lord,base,Kyriani Agrivar,,False,,,,,,,,"At the end of the game, you score 4 VP for each Arcana Quest and each Piety Quest you completed.","A mischievous half-drow, Kyriani is a master
of manipulation who has come to terms with
her dual heritage of good and evil.",LW_Lord_05,LW_Lord_05,assets/cards/LW_Lord_05.webp,Key_KyrianiAgrivar,cards_lords.lua,,,"{""zh_codex"": {""label"": ""中文校译"", ""source"": ""Codex translation using locked project terminology, 2026-05-27"", ""name"": ""基里亚尼·阿格里瓦尔"", ""card_text"": ""游戏结束时，你每完成 1 个奥术任务或虔诚任务，获得 4 VP。"", ""possible_lore_text"": ""基里亚尼是一名爱恶作剧的半卓尔，也是操纵人心的大师；她已经接受了自己善与恶并存的双重血脉。""}}",基里亚尼·阿格里瓦尔,游戏结束时，你每完成 1 个奥术任务或虔诚任务，获得 4 VP。,基里亚尼是一名爱恶作剧的半卓尔，也是操纵人心的大师；她已经接受了自己善与恶并存的双重血脉。
lord,base,Larissa Neathal,,False,,,,,,,,"At the end of the game, you score 6 VP for each Building you control.","Known for her extravagant court parties
and her ability to blend in anywhere,
Larissa uses a courtesan facade to hide
her skill at information gathering.",LW_Lord_06,LW_Lord_06,assets/cards/LW_Lord_06.webp,Key_LarissaNeathal,cards_lords.lua,,,"{""zh_codex"": {""label"": ""中文校译"", ""source"": ""Codex translation using locked project terminology, 2026-05-27"", ""name"": ""拉丽莎·尼萨尔"", ""card_text"": ""游戏结束时，你每控制 1 座建筑，获得 6 VP。"", ""possible_lore_text"": ""拉丽莎以奢华宫廷宴会和能融入任何场合的本领闻名；她以交际花的外表掩饰自己搜集情报的才能。""}}",拉丽莎·尼萨尔,游戏结束时，你每控制 1 座建筑，获得 6 VP。,拉丽莎以奢华宫廷宴会和能融入任何场合的本领闻名；她以交际花的外表掩饰自己搜集情报的才能。
lord,base,Mirt the Moneylender,,False,,,,,,,,"At the end of the game, you score 4 VP for each Commerce Quest and each Piety Quest you completed.","To outsiders, Mirt appears to be little more
than a drunk and a braggart. This disguise
hides his true cunning and wit.",LW_Lord_07,LW_Lord_07,assets/cards/LW_Lord_07.webp,Key_MirttheMoneylender,cards_lords.lua,,,"{""zh_codex"": {""label"": ""中文校译"", ""source"": ""Codex translation using locked project terminology, 2026-05-27"", ""name"": ""放贷人米尔特"", ""card_text"": ""游戏结束时，你每完成 1 个商业任务或虔诚任务，获得 4 VP。"", ""possible_lore_text"": ""在外人眼中，米尔特不过是个醉汉兼吹牛大王；这层伪装掩盖了他真正的狡黠与机智。""}}",放贷人米尔特,游戏结束时，你每完成 1 个商业任务或虔诚任务，获得 4 VP。,在外人眼中，米尔特不过是个醉汉兼吹牛大王；这层伪装掩盖了他真正的狡黠与机智。
lord,base,Nindil Jalbuck,,False,,,,,,,,"At the end of the game, you score 4 VP for each Piety Quest and each Skullduggery Quest you completed.","The real Nindil was a good-natured halfling
and man of the people, who has since been
replaced by a doppelganger named Hlaavin.",LW_Lord_08,LW_Lord_08,assets/cards/LW_Lord_08.webp,Key_NindilJalbuck,cards_lords.lua,,,"{""zh_codex"": {""label"": ""中文校译"", ""source"": ""Codex translation using locked project terminology, 2026-05-27"", ""name"": ""宁迪尔·贾尔巴克"", ""card_text"": ""游戏结束时，你每完成 1 个虔诚任务或阴谋任务，获得 4 VP。"", ""possible_lore_text"": ""真正的宁迪尔是一名性情和善的半身人，深受平民爱戴；后来他被名叫哈文的变形怪取而代之。""}}",宁迪尔·贾尔巴克,游戏结束时，你每完成 1 个虔诚任务或阴谋任务，获得 4 VP。,真正的宁迪尔是一名性情和善的半身人，深受平民爱戴；后来他被名叫哈文的变形怪取而代之。
lord,base,Nymara Scheiron,,False,,,,,,,,"At the end of the game, you score 4 VP for each Commerce Quest and each Skullduggery Quest you completed.","Aggresive and fearless, the one-time
thief known as ""Kitten"" brings pragmatism
and a knowledge of the common citizen
to the Lords of Waterdeep.",LW_Lord_09,LW_Lord_09,assets/cards/LW_Lord_09.webp,Key_NymaraScheiron,cards_lords.lua,,,"{""zh_codex"": {""label"": ""中文校译"", ""source"": ""Codex translation using locked project terminology, 2026-05-27"", ""name"": ""妮玛拉·谢伦"", ""card_text"": ""游戏结束时，你每完成 1 个商业任务或阴谋任务，获得 4 VP。"", ""possible_lore_text"": ""昔日以“小猫”之名为人所知的盗贼妮玛拉大胆无畏、行事果决；她为深水城领主带来了务实作风，以及对普通市民的了解。""}}",妮玛拉·谢伦,游戏结束时，你每完成 1 个商业任务或阴谋任务，获得 4 VP。,昔日以“小猫”之名为人所知的盗贼妮玛拉大胆无畏、行事果决；她为深水城领主带来了务实作风，以及对普通市民的了解。
lord,base,Piergeiron the Paladinson,,False,,,,,,,,"At the end of the game, you score 4 VP for each Piety Quest and each Warfare Quest you completed.","A deliberate and honorable man, Piergeiron
often pretends to be slow of wit to lull his
enemies into underestimating him.",LW_Lord_10,LW_Lord_10,assets/cards/LW_Lord_10.webp,Key_PiergeironthePaladinson,cards_lords.lua,,,"{""zh_codex"": {""label"": ""中文校译"", ""source"": ""Codex translation using locked project terminology, 2026-05-27"", ""name"": ""圣武士之子皮尔吉隆"", ""card_text"": ""游戏结束时，你每完成 1 个虔诚任务或战争任务，获得 4 VP。"", ""possible_lore_text"": ""皮尔吉隆为人审慎而正直；他常假装迟钝，以诱使敌人低估他。""}}",圣武士之子皮尔吉隆,游戏结束时，你每完成 1 个虔诚任务或战争任务，获得 4 VP。,皮尔吉隆为人审慎而正直；他常假装迟钝，以诱使敌人低估他。
lord,base,Sammereza Sulphontis,,False,,,,,,,,"At the end of the game, you score 4 VP for each Arcana Quest and each Commerce Quest you completed.","Known as Sammer to his friends,
Sammereza is a master trade lord whose
sharp eyes never miss a detail.",LW_Lord_11,LW_Lord_11,assets/cards/LW_Lord_11.webp,Key_SammerezaSulphontis,cards_lords.lua,,,"{""zh_codex"": {""label"": ""中文校译"", ""source"": ""Codex translation using locked project terminology, 2026-05-27"", ""name"": ""萨姆雷扎·萨尔方提斯"", ""card_text"": ""游戏结束时，你每完成 1 个奥术任务或商业任务，获得 4 VP。"", ""possible_lore_text"": ""朋友们称萨姆雷扎为“萨默”。他是一位贸易领主大师，锐利的双眼从不错过任何细节。""}}",萨姆雷扎·萨尔方提斯,游戏结束时，你每完成 1 个奥术任务或商业任务，获得 4 VP。,朋友们称萨姆雷扎为“萨默”。他是一位贸易领主大师，锐利的双眼从不错过任何细节。
lord,none,Masked Lord,,False,,,,,,,,,"The city of Waterdeep is administered
by a secret council of powerful individuals
known as the Lords of Waterdeep.",LW_Lord_00,LW_Lord_00,assets/cards/LW_Lord_00.webp,Key_MaskedLord,cards_lords.lua,,,"{""zh_codex"": {""label"": ""中文校译"", ""source"": ""Codex translation using locked project terminology, 2026-05-27"", ""name"": ""假面领主"", ""card_text"": """", ""possible_lore_text"": ""深水城由一个强大人物组成的秘密议会治理，他们被称为深水城领主。""}}",假面领主,,深水城由一个强大人物组成的秘密议会治理，他们被称为深水城领主。
lord,skullport,Irusyl Eraneth,,False,,,,,,,,"At the end of the game, choose 1 Quest type. You score 6 VP for each Quest you completed of the chosen type.","This mysterious Skullport archmage is
actually a disguise for Laeral Silverhand,
the Lady Mage of Waterdeep and
Chosen of Mystra.",SP_Lord_01,SP_Lord_01,assets/cards/SP_Lord_01.webp,Key_IrusylEraneth,cards_lords_SP.lua,,,"{""zh_codex"": {""label"": ""中文校译"", ""source"": ""Codex translation using locked project terminology, 2026-05-27"", ""name"": ""伊露西尔·埃兰斯"", ""card_text"": ""游戏结束时，选择 1 种任务类型。你每完成 1 个该类型的任务，获得 6 VP。"", ""possible_lore_text"": ""这位神秘的骷髅港大法师，其实是莱拉·银手的伪装；她是深水城女法师，也是密斯特拉选民。""}}",伊露西尔·埃兰斯,游戏结束时，选择 1 种任务类型。你每完成 1 个该类型的任务，获得 6 VP。,这位神秘的骷髅港大法师，其实是莱拉·银手的伪装；她是深水城女法师，也是密斯特拉选民。
lord,skullport,Sangalor,,False,,,,,,,,"At the end of the game, you score 4 VP for each non-Mandatory Skullport Quest you completed and each Skullport Building you control.","Sangalor, a priest of Oghma,
believes he has risen above the
base nature of his illithid heritage.",SP_Lord_02,SP_Lord_02,assets/cards/SP_Lord_02.webp,Key_Sangalor,cards_lords_SP.lua,,,"{""zh_codex"": {""label"": ""中文校译"", ""source"": ""Codex translation using locked project terminology, 2026-05-27"", ""name"": ""桑加洛"", ""card_text"": ""游戏结束时，你每完成 1 个非强制的骷髅港任务，以及每控制 1 座骷髅港建筑，获得 4 VP。"", ""possible_lore_text"": ""欧格玛的牧师桑加洛相信自己已经超越了夺心魔血统中卑劣的本性。""}}",桑加洛,游戏结束时，你每完成 1 个非强制的骷髅港任务，以及每控制 1 座骷髅港建筑，获得 4 VP。,欧格玛的牧师桑加洛相信自己已经超越了夺心魔血统中卑劣的本性。
lord,skullport,The Xanathar,,False,,,,,,,,"At the end of the game, you score 4 VP for each Corruption in your Tavern.","Also known as the Eye, the Xanathar
controls most of the criminal activities
in Waterdeep and Skullport.",SP_Lord_03,SP_Lord_03,assets/cards/SP_Lord_03.webp,Key_TheXanathar,cards_lords_SP.lua,,,"{""zh_codex"": {""label"": ""中文校译"", ""source"": ""Codex translation using locked project terminology, 2026-05-27"", ""name"": ""珊娜萨"", ""card_text"": ""游戏结束时，你酒馆中每有 1 个腐化，获得 4 VP。"", ""possible_lore_text"": ""珊娜萨又被称为“眼主”，掌控着深水城和骷髅港的大部分犯罪活动。""}}",珊娜萨,游戏结束时，你酒馆中每有 1 个腐化，获得 4 VP。,珊娜萨又被称为“眼主”，掌控着深水城和骷髅港的大部分犯罪活动。
lord,undermountain,Danilo Thann,,False,,,,,,,,"At the end of the game, you score 3 VP for each non-Mandatory Quest you completed.","Most see Danilo as just a dandy with
a charming smile, but behind this
demeanor is a clever and capable bard.",UM_Lord_01,UM_Lord_01,assets/cards/UM_Lord_01.webp,Key_DaniloThann,cards_lords_UM.lua,,,"{""zh_codex"": {""label"": ""中文校译"", ""source"": ""Codex translation using locked project terminology, 2026-05-27"", ""name"": ""丹尼洛·坦恩"", ""card_text"": ""游戏结束时，你每完成 1 个非强制任务，获得 3 VP。"", ""possible_lore_text"": ""多数人只把丹尼洛看作带着迷人微笑的纨绔子弟；但在这副姿态背后，是一位聪明而能干的吟游诗人。""}}",丹尼洛·坦恩,游戏结束时，你每完成 1 个非强制任务，获得 3 VP。,多数人只把丹尼洛看作带着迷人微笑的纨绔子弟；但在这副姿态背后，是一位聪明而能干的吟游诗人。
lord,undermountain,Halaster Blackcloak,,False,,,,,,,,"At the end of the game, you score 4 VP for each non-Mandatory Undermountain Quest you completed and each Undermountain Building you control.","The Mad Mage of Undermountain
transformed the Underhalls
into a playground for himself
and a death trap to others.",UM_Lord_02,UM_Lord_02,assets/cards/UM_Lord_02.webp,Key_HalasterBlackcloak,cards_lords_UM.lua,,,"{""zh_codex"": {""label"": ""中文校译"", ""source"": ""Codex translation using locked project terminology, 2026-05-27"", ""name"": ""海拉斯特·黑袍"", ""card_text"": ""游戏结束时，你每完成 1 个非强制的地脉迷城任务，以及每控制 1 座地脉迷城建筑，获得 4 VP。"", ""possible_lore_text"": ""地脉迷城的疯法师将地下厅堂改造成了自己的游乐场，也变成了他人的死亡陷阱。""}}",海拉斯特·黑袍,游戏结束时，你每完成 1 个非强制的地脉迷城任务，以及每控制 1 座地脉迷城建筑，获得 4 VP。,地脉迷城的疯法师将地下厅堂改造成了自己的游乐场，也变成了他人的死亡陷阱。
lord,undermountain,Trobriand,,False,,,,,,,,"At the end of the game, you score 5 VP for each Quest you completed worth at least 10VP.","An apprentice of Halastar, Trobriand
creates animated metal monstrosities
deep in Undermountain.",UM_Lord_03,UM_Lord_03,assets/cards/UM_Lord_03.webp,Key_Trobriand,cards_lords_UM.lua,,,"{""zh_codex"": {""label"": ""中文校译"", ""source"": ""Codex translation using locked project terminology, 2026-05-27"", ""name"": ""卓布伦德"", ""card_text"": ""游戏结束时，你每完成 1 个价值至少 10 VP 的任务，获得 5 VP。"", ""possible_lore_text"": ""作为海拉斯特的一名学徒，卓布伦德在地脉迷城深处创造出活化金属怪物。""}}",卓布伦德,游戏结束时，你每完成 1 个价值至少 10 VP 的任务，获得 5 VP。,作为海拉斯特的一名学徒，卓布伦德在地脉迷城深处创造出活化金属怪物。
quest,base,Fend Off Bandits,mandatory,False,,,2 fighter; 1 wizard,2 VP,,,,,"Not a glamorous endeavor,
but necessary.",LW_Intrigue_45,LW_Intrigue_45,assets/cards/LW_Intrigue_45.webp,Key_FendOffBandits,cards_quests.lua,,,"{""zh_codex"": {""label"": ""中文校译"", ""source"": ""Codex quest translation using locked project terminology and local DND references, 2026-05-27"", ""name"": ""抵御强盗"", ""card_text"": """", ""possible_lore_text"": ""这算不上光彩的差事，却很有必要。""}}",抵御强盗,,这算不上光彩的差事，却很有必要。
quest,base,Foil the Zhentarim,mandatory,False,,,1 fighter; 1 rogue; 1 wizard,2 VP,,,,,"The Zhentarim’s schemes of
world domination have spilled
into Waterdeep. They must be
stopped at all costs.",LW_Intrigue_46,LW_Intrigue_46,assets/cards/LW_Intrigue_46.webp,Key_FoiltheZhentarim,cards_quests.lua,,,"{""zh_codex"": {""label"": ""中文校译"", ""source"": ""Codex quest translation using locked project terminology and local DND references, 2026-05-27"", ""name"": ""阻挠散塔林会"", ""card_text"": """", ""possible_lore_text"": ""散塔林会征服世界的阴谋已经蔓延到深水城。必须不惜代价阻止他们。""}}",阻挠散塔林会,,散塔林会征服世界的阴谋已经蔓延到深水城。必须不惜代价阻止他们。
quest,base,Placate Angry Merchants,mandatory,False,,,1 cleric; 1 fighter; 1 wizard,4 VP,,,,,"Shrewd economic policies,
backed up by appropriate
authority, address the trade
guilds’ grievances.",LW_Intrigue_47,LW_Intrigue_47,assets/cards/LW_Intrigue_47.webp,Key_PlacateAngryMerchants,cards_quests.lua,,,"{""zh_codex"": {""label"": ""中文校译"", ""source"": ""Codex quest translation using locked project terminology and local DND references, 2026-05-27"", ""name"": ""安抚愤怒商人"", ""card_text"": """", ""possible_lore_text"": ""精明的经济政策，再加上适当的权威背书，足以平息贸易行会的不满。""}}",安抚愤怒商人,,精明的经济政策，再加上适当的权威背书，足以平息贸易行会的不满。
quest,base,Quell Riots,mandatory,False,,,2 cleric; 1 fighter,4 VP,,,,,"The peasants in the North
Ward are revolting!",LW_Intrigue_48,LW_Intrigue_48,assets/cards/LW_Intrigue_48.webp,Key_QuellRiots,cards_quests.lua,,,"{""zh_codex"": {""label"": ""中文校译"", ""source"": ""Codex quest translation using locked project terminology and local DND references, 2026-05-27"", ""name"": ""平息骚乱"", ""card_text"": """", ""possible_lore_text"": ""北区的平民正在闹事！""}}",平息骚乱,,北区的平民正在闹事！
quest,base,Repel Drow Invaders,mandatory,False,,,1 cleric; 2 rogue,2 VP,,,,,"Small bands of dark elves
continue to emerge from the
Underdark to harass the city.",LW_Intrigue_49,LW_Intrigue_49,assets/cards/LW_Intrigue_49.webp,Key_RepelDrowInvaders,cards_quests.lua,,,"{""zh_codex"": {""label"": ""中文校译"", ""source"": ""Codex quest translation using locked project terminology and local DND references, 2026-05-27"", ""name"": ""击退卓尔入侵者"", ""card_text"": """", ""possible_lore_text"": ""一小股一小股黑暗精灵不断从幽暗地域现身，骚扰这座城市。""}}",击退卓尔入侵者,,一小股一小股黑暗精灵不断从幽暗地域现身，骚扰这座城市。
quest,base,Stamp Out Cultists,mandatory,False,,,1 cleric; 1 fighter; 1 rogue,2 VP,,,,,"The Cult of the Dragon has
set up shop in the North
Ward. Find the cultists
and deal with them.",LW_Intrigue_50,LW_Intrigue_50,assets/cards/LW_Intrigue_50.webp,Key_StampOutCultists,cards_quests.lua,,,"{""zh_codex"": {""label"": ""中文校译"", ""source"": ""Codex quest translation using locked project terminology and local DND references, 2026-05-27"", ""name"": ""铲除邪教徒"", ""card_text"": """", ""possible_lore_text"": ""龙巫教已经在北区落脚。找出这些邪教徒，处理掉他们。""}}",铲除邪教徒,,龙巫教已经在北区落脚。找出这些邪教徒，处理掉他们。
quest,base,Expose Red Wizards' Spies,arcana,False,,,2 gold; 1 cleric; 1 fighter; 2 rogue; 2 wizard,20 VP,,,,Take 1 Intrigue card.,The Red Wizards of Thay use spies to gather information and sow discord throughout Waterdeep.,LW_Quest_01,LW_Quest_01,assets/cards/LW_Quest_01.webp,Key_ExposeRedWizardsSpies,cards_quests.lua,,,"{""zh_codex"": {""label"": ""中文校译"", ""source"": ""Codex quest translation using locked project terminology and local DND references, 2026-05-27"", ""name"": ""揭露红袍巫师间谍"", ""card_text"": ""抽 1 张阴谋卡。"", ""possible_lore_text"": ""塞尔的红袍巫师利用间谍在深水城各处搜集情报、散播纷争。""}}",揭露红袍巫师间谍,抽 1 张阴谋卡。,塞尔的红袍巫师利用间谍在深水城各处搜集情报、散播纷争。
quest,base,Host Festival for Sune,arcana,False,,,4 gold; 2 fighter; 2 wizard,2 cleric; 9 VP,,,,,"“Waterdeep’s festivals for Sune attract
the greatest bards in Faerûn. You
are sure to learn from them.”",LW_Quest_02,LW_Quest_02,assets/cards/LW_Quest_02.webp,Key_HostFestivalforSune,cards_quests.lua,,,"{""zh_codex"": {""label"": ""中文校译"", ""source"": ""Codex quest translation using locked project terminology and local DND references, 2026-05-27"", ""name"": ""为淑妮举办庆典"", ""card_text"": """", ""possible_lore_text"": ""“深水城为淑妮举办的庆典会吸引费伦最杰出的吟游诗人。你一定能从他们身上学到东西。”""}}",为淑妮举办庆典,,“深水城为淑妮举办的庆典会吸引费伦最杰出的吟游诗人。你一定能从他们身上学到东西。”
quest,base,Infiltrate Halaster's Circle,arcana,False,,,2 gold; 5 wizard,25 VP,,,,,"“Get in there and find out what
Halaster Blackcloak, the mad
wizard of Undermountain, is up to.”",LW_Quest_03,LW_Quest_03,assets/cards/LW_Quest_03.webp,Key_InfiltrateHalastersCircle,cards_quests.lua,,,"{""zh_codex"": {""label"": ""中文校译"", ""source"": ""Codex quest translation using locked project terminology and local DND references, 2026-05-27"", ""name"": ""渗透海拉斯特的圈子"", ""card_text"": """", ""possible_lore_text"": ""“潜进去，查明地脉迷城的疯法师海拉斯特·黑袍到底在谋划什么。”""}}",渗透海拉斯特的圈子,,“潜进去，查明地脉迷城的疯法师海拉斯特·黑袍到底在谋划什么。”
quest,base,Investigate Aberrant Infestation,arcana,False,,,1 cleric; 1 fighter; 2 wizard,13 VP,,,,Take 1 Intrigue card.,"Rumors of beholders and foulspawn in
the sewers have the citizenry on edge.",LW_Quest_04,LW_Quest_04,assets/cards/LW_Quest_04.webp,Key_InvestigateAberrantInfestation,cards_quests.lua,,,"{""zh_codex"": {""label"": ""中文校译"", ""source"": ""Codex quest translation using locked project terminology and local DND references, 2026-05-27"", ""name"": ""调查异怪侵扰"", ""card_text"": ""抽 1 张阴谋卡。"", ""possible_lore_text"": ""下水道里有眼魔和邪秽怪物出没的传闻，让市民们惴惴不安。""}}",调查异怪侵扰,抽 1 张阴谋卡。,下水道里有眼魔和邪秽怪物出没的传闻，让市民们惴惴不安。
quest,base,Recruit for Blackstaff Academy,arcana,False,,,4 gold; 1 fighter; 1 rogue; 2 wizard,3 wizard; 6 VP,,,,,"“Step on up—you could be the next
Khelben Arunsun.”",LW_Quest_05,LW_Quest_05,assets/cards/LW_Quest_05.webp,Key_RecruitforBlackstaffAcademy,cards_quests.lua,,,"{""zh_codex"": {""label"": ""中文校译"", ""source"": ""Codex quest translation using locked project terminology and local DND references, 2026-05-27"", ""name"": ""为黑杖学院招募学员"", ""card_text"": """", ""possible_lore_text"": ""“快来吧，你或许就是下一位凯尔本·奥罗桑。”""}}",为黑杖学院招募学员,,“快来吧，你或许就是下一位凯尔本·奥罗桑。”
quest,base,Research Chronomancy,arcana,False,,,4 gold; 2 wizard,1 wizard; 4 VP,,,,and return one of your assigned Agents to your pool.,Time magic has unlimited potential.,LW_Quest_06,LW_Quest_06,assets/cards/LW_Quest_06.webp,Key_ResearchChronomancy,cards_quests.lua,,,"{""zh_codex"": {""label"": ""中文校译"", ""source"": ""Codex quest translation using locked project terminology and local DND references, 2026-05-27"", ""name"": ""研究时序魔法"", ""card_text"": ""并将你已指派的 1 名代理人返回你的代理人池。"", ""possible_lore_text"": ""时间魔法有着无穷潜力。""}}",研究时序魔法,并将你已指派的 1 名代理人返回你的代理人池。,时间魔法有着无穷潜力。
quest,base,Retrieve Ancient Artifacts,arcana,False,,,2 fighter; 1 rogue; 2 wizard,4 gold; 11 VP,,,,,"Adventurers are needed to recover
treasures from the ancient
elven realm of Miyeritar.",LW_Quest_07,LW_Quest_07,assets/cards/LW_Quest_07.webp,Key_RetrieveAncientAtrifacta,cards_quests.lua,,,"{""zh_codex"": {""label"": ""中文校译"", ""source"": ""Codex quest translation using locked project terminology and local DND references, 2026-05-27"", ""name"": ""寻回远古神器"", ""card_text"": """", ""possible_lore_text"": ""需要冒险者从古老精灵王国米叶瑞塔取回宝藏。""}}",寻回远古神器,,需要冒险者从古老精灵王国米叶瑞塔取回宝藏。
quest,base,Steal Spellbook from Silverhand,arcana,False,,,1 fighter; 2 rogue; 2 wizard,4 gold; 7 VP,,,,Take 2 Intrigue cards.,"“Laeral Silverhand has a fascinating
collection of spellbooks.
Acquire one, please.”",LW_Quest_08,LW_Quest_08,assets/cards/LW_Quest_08.webp,Key_StealSpellbookfromSilverhand,cards_quests.lua,,,"{""zh_codex"": {""label"": ""中文校译"", ""source"": ""Codex quest translation using locked project terminology and local DND references, 2026-05-27"", ""name"": ""窃取银手的法术书"", ""card_text"": ""抽 2 张阴谋卡。"", ""possible_lore_text"": ""“莱拉·银手收藏着一批迷人的法术书。请弄一本来。”""}}",窃取银手的法术书,抽 2 张阴谋卡。,“莱拉·银手收藏着一批迷人的法术书。请弄一本来。”
quest,base,Domesticate Owlbears,arcana,False,,,1 cleric; 2 wizard,2 gold; 1 fighter; 8 VP,,,,,"“The City Guard could use these
reinforcements. Do they do tricks?”",LW_Quest_09,LW_Quest_09,assets/cards/LW_Quest_09.webp,Key_DomesticateOwlbears,cards_quests.lua,,,"{""zh_codex"": {""label"": ""中文校译"", ""source"": ""Codex quest translation using locked project terminology and local DND references, 2026-05-27"", ""name"": ""驯养枭熊"", ""card_text"": """", ""possible_lore_text"": ""“城市守卫联盟正需要这些增援。它们会表演把戏吗？”""}}",驯养枭熊,,“城市守卫联盟正需要这些增援。它们会表演把戏吗？”
quest,base,Ally with House Thann,commerce,False,,,8 gold; 1 cleric; 3 rogue; 1 wizard,,,,,,"House Thann, known for its strong ties
to Blackstaff Tower, has sizeable land
holdings in the South.",LW_Quest_10,LW_Quest_10,assets/cards/LW_Quest_10.webp,Key_AllywithHouseThann,cards_quests.lua,,,"{""zh_codex"": {""label"": ""中文校译"", ""source"": ""Codex quest translation using locked project terminology and local DND references, 2026-05-27"", ""name"": ""与坦恩家族结盟"", ""card_text"": """", ""possible_lore_text"": ""坦恩家族以同黑杖塔关系紧密而闻名，并在南方拥有可观地产。""}}",与坦恩家族结盟,,坦恩家族以同黑杖塔关系紧密而闻名，并在南方拥有可观地产。
quest,base,Impersonate Adarbrent Noble,commerce,False,,,4 gold; 1 cleric; 2 fighter; 2 rogue; 1 wizard,18 VP,,,,Take 2 Intrigue cards.,"“We need a convincing portrayal of a
noble of House Adarbrent for an
important negotiation.”",LW_Quest_11,LW_Quest_11,assets/cards/LW_Quest_11.webp,Key_ImpersonateAdarbrentNoble,cards_quests.lua,,,"{""zh_codex"": {""label"": ""中文校译"", ""source"": ""Codex quest translation using locked project terminology and local DND references, 2026-05-27"", ""name"": ""冒充阿达布兰特家族贵族"", ""card_text"": ""抽 2 张阴谋卡。"", ""possible_lore_text"": ""“我们需要有人可信地扮演一位阿达布兰特家族贵族，去参加一场重要谈判。”""}}",冒充阿达布兰特家族贵族,抽 2 张阴谋卡。,“我们需要有人可信地扮演一位阿达布兰特家族贵族，去参加一场重要谈判。”
quest,base,Loot the Crypt of Chauntea,commerce,False,,,2 gold; 1 cleric; 3 rogue,7 VP,,,,Draw 1 Intrigue card and draw 1 Quest card from the deck.,"The haunted Crypt of Chauntea
holds ancient treasures.",LW_Quest_12,LW_Quest_12,assets/cards/LW_Quest_12.webp,Key_LoottheCryptofChauntea,cards_quests.lua,,,"{""zh_codex"": {""label"": ""中文校译"", ""source"": ""Codex quest translation using locked project terminology and local DND references, 2026-05-27"", ""name"": ""洗劫裳提亚墓穴"", ""card_text"": ""抽 1 张阴谋卡，并从牌库抽 1 张任务卡。"", ""possible_lore_text"": ""闹鬼的裳提亚墓穴中藏有远古财宝。""}}",洗劫裳提亚墓穴,抽 1 张阴谋卡，并从牌库抽 1 张任务卡。,闹鬼的裳提亚墓穴中藏有远古财宝。
quest,base,Lure Artisans of Mirabar,commerce,False,,,2 gold; 1 cleric; 1 fighter; 1 rogue,4 VP,,,,and put 1 Building from Builder's Hall into play under your control at no cost.,"The shield dwarves of Mirabar
are skilled builders.",LW_Quest_13,LW_Quest_13,assets/cards/LW_Quest_13.webp,Key_LureArtisansofMirabar,cards_quests.lua,,,"{""zh_codex"": {""label"": ""中文校译"", ""source"": ""Codex quest translation using locked project terminology and local DND references, 2026-05-27"", ""name"": ""招揽米拉巴工匠"", ""card_text"": ""并从建造者大厅将 1 座建筑免费放入场上，置于你的控制下。"", ""possible_lore_text"": ""米拉巴的盾矮人是技艺精湛的建造者。""}}",招揽米拉巴工匠,并从建造者大厅将 1 座建筑免费放入场上，置于你的控制下。,米拉巴的盾矮人是技艺精湛的建造者。
quest,base,Placate the Walking Statue,commerce,False,,,4 gold; 2 cleric; 2 rogue,10 VP,,,,and draw 1 Building from the stack and put it into play under your control at no cost.,"“Stay on the good side of the
city’s stone guardian.”",LW_Quest_14,LW_Quest_14,assets/cards/LW_Quest_14.webp,Key_PlacatetheWalkingStatue,cards_quests.lua,,,"{""zh_codex"": {""label"": ""中文校译"", ""source"": ""Codex quest translation using locked project terminology and local DND references, 2026-05-27"", ""name"": ""安抚行走雕像"", ""card_text"": ""并从建筑堆抽 1 座建筑，免费放入场上，置于你的控制下。"", ""possible_lore_text"": ""“务必站在这座城市的石质守护者这一边。”""}}",安抚行走雕像,并从建筑堆抽 1 座建筑，免费放入场上，置于你的控制下。,“务必站在这座城市的石质守护者这一边。”
quest,base,Safeguard Eltorchul Mage,commerce,False,,,4 gold; 1 fighter; 1 rogue; 1 wizard,2 wizard; 4 VP,,,,,"“The Eltorchul Academy of wizardry
requires an escort for one of
its prominent students.”",LW_Quest_15,LW_Quest_15,assets/cards/LW_Quest_15.webp,Key_SafeguardEltorchulMage,cards_quests.lua,,,"{""zh_codex"": {""label"": ""中文校译"", ""source"": ""Codex quest translation using locked project terminology and local DND references, 2026-05-27"", ""name"": ""护卫艾托丘法师"", ""card_text"": """", ""possible_lore_text"": ""“艾托丘法术学院需要为一位杰出学生安排护送。”""}}",护卫艾托丘法师,,“艾托丘法术学院需要为一位杰出学生安排护送。”
quest,base,Send Aid to the Harpers,commerce,False,,,4 gold; 1 cleric; 1 fighter; 1 rogue,15 VP,,,,and choose an opponent to gain 4 Gold.,"“Helping a secret society
dedicated to
 holding back
evil is just good business.”",LW_Quest_16,LW_Quest_16,assets/cards/LW_Quest_16.webp,Key_SendAidtotheHarpers,cards_quests.lua,,,"{""zh_codex"": {""label"": ""中文校译"", ""source"": ""Codex quest translation using locked project terminology and local DND references, 2026-05-27"", ""name"": ""向竖琴手同盟提供援助"", ""card_text"": ""并选择 1 名对手获得 4 金币。"", ""possible_lore_text"": ""“帮助一个致力于遏止邪恶的秘密组织，这本身就是好生意。”""}}",向竖琴手同盟提供援助,并选择 1 名对手获得 4 金币。,“帮助一个致力于遏止邪恶的秘密组织，这本身就是好生意。”
quest,base,Spy on the House of Light,commerce,False,,,2 gold; 3 fighter; 2 rogue,6 gold; 6 VP,,,,,"“Find out what the Guild of Chandlers
and Lamplighters is up to.”",LW_Quest_17,LW_Quest_17,assets/cards/LW_Quest_17.webp,Key_SpyontheHouseofLight,cards_quests.lua,,,"{""zh_codex"": {""label"": ""中文校译"", ""source"": ""Codex quest translation using locked project terminology and local DND references, 2026-05-27"", ""name"": ""监视光明之家"", ""card_text"": """", ""possible_lore_text"": ""“查清蜡烛匠与灯夫行会在密谋什么。”""}}",监视光明之家,,“查清蜡烛匠与灯夫行会在密谋什么。”
quest,base,Thin the City Watch,commerce,False,,,4 gold; 1 cleric; 1 fighter; 1 rogue,4 rogue; 9 VP,,,,,"“An assassination here, a bribe there,
and the City Watch learns when
to look the other way.”",LW_Quest_18,LW_Quest_18,assets/cards/LW_Quest_18.webp,Key_ThintheCityWatch,cards_quests.lua,,,"{""zh_codex"": {""label"": ""中文校译"", ""source"": ""Codex quest translation using locked project terminology and local DND references, 2026-05-27"", ""name"": ""削弱城市哨卫"", ""card_text"": """", ""possible_lore_text"": ""“这里来一场暗杀，那里送一笔贿赂，城市哨卫自然会学会什么时候该移开视线。”""}}",削弱城市哨卫,,“这里来一场暗杀，那里送一笔贿赂，城市哨卫自然会学会什么时候该移开视线。”
quest,base,Convert a Noble to Lathander,piety,False,,,2 cleric; 1 fighter,8 VP,,,,and take 1 face-up Quest card from Cliffwatch Inn.,"Lathander, god of the dawn,
is popular
 among commoners
and nobles alike.",LW_Quest_19,LW_Quest_19,assets/cards/LW_Quest_19.webp,Key_ConvertaNobletoLathander,cards_quests.lua,,,"{""zh_codex"": {""label"": ""中文校译"", ""source"": ""Codex quest translation using locked project terminology and local DND references, 2026-05-27"", ""name"": ""说服贵族皈依洛山达"", ""card_text"": ""并从崖望旅馆拿取 1 张面朝上的任务卡。"", ""possible_lore_text"": ""黎明之神洛山达深受平民和贵族的喜爱。""}}",说服贵族皈依洛山达,并从崖望旅馆拿取 1 张面朝上的任务卡。,黎明之神洛山达深受平民和贵族的喜爱。
quest,base,Create a Shrine to Oghma,piety,False,,,2 gold; 5 cleric,25 VP,,,,,"Shrines to the Lord of Knowledge are
highly valued for the wealth of
information stored within.",LW_Quest_20,LW_Quest_20,assets/cards/LW_Quest_20.webp,Key_CreateaShrinetoOghma,cards_quests.lua,,,"{""zh_codex"": {""label"": ""中文校译"", ""source"": ""Codex quest translation using locked project terminology and local DND references, 2026-05-27"", ""name"": ""为欧格玛建造圣坛"", ""card_text"": """", ""possible_lore_text"": ""知识之主的圣坛因其中储藏的海量信息而备受珍视。""}}",为欧格玛建造圣坛,,知识之主的圣坛因其中储藏的海量信息而备受珍视。
quest,base,Discover Hidden Temple of Lolth,piety,False,,,2 cleric; 1 fighter; 1 rogue,10 VP,,,,and take 1 face-up Quest card from Cliffwatch Inn.,"The Spider Queen’s nests are often
hidden by powerful spells.",LW_Quest_21,LW_Quest_21,assets/cards/LW_Quest_21.webp,Key_DiscoverHiddenTempleofLolth,cards_quests.lua,,,"{""zh_codex"": {""label"": ""中文校译"", ""source"": ""Codex quest translation using locked project terminology and local DND references, 2026-05-27"", ""name"": ""发现罗丝的隐秘神殿"", ""card_text"": ""并从崖望旅馆拿取 1 张面朝上的任务卡。"", ""possible_lore_text"": ""蜘蛛女王的巢穴常被强大的法术隐藏起来。""}}",发现罗丝的隐秘神殿,并从崖望旅馆拿取 1 张面朝上的任务卡。,蜘蛛女王的巢穴常被强大的法术隐藏起来。
quest,base,Eliminate Vampire Coven,piety,False,,,2 cleric; 2 fighter; 1 rogue,4 gold; 11 VP,,,,,"“Discover the hiding place of vampires
stalking the streets of the
City of Splendors.”",LW_Quest_22,LW_Quest_22,assets/cards/LW_Quest_22.webp,Key_EliminateVampireCoven,cards_quests.lua,,,"{""zh_codex"": {""label"": ""中文校译"", ""source"": ""Codex quest translation using locked project terminology and local DND references, 2026-05-27"", ""name"": ""铲除吸血鬼密社"", ""card_text"": """", ""possible_lore_text"": ""“查出那些在光辉之城街头猎食的吸血鬼藏身何处。”""}}",铲除吸血鬼密社,,“查出那些在光辉之城街头猎食的吸血鬼藏身何处。”
quest,base,Form an Alliance with the Rashemi,piety,False,,,2 cleric; 1 wizard,10 VP,,,,and take 1 face-up Quest card from Cliffwatch Inn.,"“An alliance with the berserkers of
Rashemen might hinder the dark
works of the Red Wizards.”",LW_Quest_23,LW_Quest_23,assets/cards/LW_Quest_23.webp,Key_FormanAlliancewiththeRashemi,cards_quests.lua,,,"{""zh_codex"": {""label"": ""中文校译"", ""source"": ""Codex quest translation using locked project terminology and local DND references, 2026-05-27"", ""name"": ""与莱瑟曼人结盟"", ""card_text"": ""并从崖望旅馆拿取 1 张面朝上的任务卡。"", ""possible_lore_text"": ""“与莱瑟曼狂战士结盟，或许能妨碍红袍巫师的黑暗事业。”""}}",与莱瑟曼人结盟,并从崖望旅馆拿取 1 张面朝上的任务卡。,“与莱瑟曼狂战士结盟，或许能妨碍红袍巫师的黑暗事业。”
quest,base,Heal Fallen Gray Hand Soldiers,piety,False,,,4 gold; 2 cleric; 1 wizard,6 fighter; 6 VP,,,,,"The Gray Hands, an elite band of
adventurers, answer directly to
the Lords of Waterdeep.",LW_Quest_24,LW_Quest_24,assets/cards/LW_Quest_24.webp,Key_HealFallenGrayHandSoldiers,cards_quests.lua,,,"{""zh_codex"": {""label"": ""中文校译"", ""source"": ""Codex quest translation using locked project terminology and local DND references, 2026-05-27"", ""name"": ""医治灰手组织伤兵"", ""card_text"": """", ""possible_lore_text"": ""灰手组织是一支精英冒险者队伍，直接听命于深水城领主。""}}",医治灰手组织伤兵,,灰手组织是一支精英冒险者队伍，直接听命于深水城领主。
quest,base,Perform the Penance of Duty,piety,False,,,4 gold; 2 cleric; 2 fighter,1 cleric; 1 fighter; 12 VP,,,,,"Torm’s worshipers are required to guard
the temples of deities that their
order persecuted in the past.",LW_Quest_25,LW_Quest_25,assets/cards/LW_Quest_25.webp,Key_PerformthePenanceofDuty,cards_quests.lua,,,"{""zh_codex"": {""label"": ""中文校译"", ""source"": ""Codex quest translation using locked project terminology and local DND references, 2026-05-27"", ""name"": ""践行职责苦修"", ""card_text"": """", ""possible_lore_text"": ""托姆的信徒必须守卫那些过去曾遭其教团迫害的神祇神殿。""}}",践行职责苦修,,托姆的信徒必须守卫那些过去曾遭其教团迫害的神祇神殿。
quest,base,Recruit Paladins for Tyr,piety,False,,,4 gold; 2 cleric; 4 fighter,3 cleric; 10 VP,,,,,"Tyr is the god of law, justice, and
retribution, and requires paladins
to enforce his will.",LW_Quest_26,LW_Quest_26,assets/cards/LW_Quest_26.webp,Key_RecruitPaladinsforTyr,cards_quests.lua,,,"{""zh_codex"": {""label"": ""中文校译"", ""source"": ""Codex quest translation using locked project terminology and local DND references, 2026-05-27"", ""name"": ""为提尔招募圣武士"", ""card_text"": """", ""possible_lore_text"": ""提尔是律法、正义与报应之神，他需要圣武士执行自己的意志。""}}",为提尔招募圣武士,,提尔是律法、正义与报应之神，他需要圣武士执行自己的意志。
quest,base,Seal Gate to Cyric's Realm,piety,False,,,4 gold; 2 cleric; 3 rogue,20 VP,,,,,"Cyric, god of strife and deception,
uses gates to spread madness
and corruption.",LW_Quest_27,LW_Quest_27,assets/cards/LW_Quest_27.webp,Key_SealGatetoCyricsRealm,cards_quests.lua,,,"{""zh_codex"": {""label"": ""中文校译"", ""source"": ""Codex quest translation using locked project terminology and local DND references, 2026-05-27"", ""name"": ""封印通往希瑞克领域的门"", ""card_text"": """", ""possible_lore_text"": ""纷争与欺诈之神希瑞克利用传送门传播疯狂与腐化。""}}",封印通往希瑞克领域的门,,纷争与欺诈之神希瑞克利用传送门传播疯狂与腐化。
quest,base,Build a Reputation in Skullport,skullduggery,False,,,4 gold; 1 fighter; 3 rogue,10 VP,,,,Take 1 Intrigue card,"Deep beneath Waterdeep, shadowy
Skullport excels at smuggling and
other criminal enterprises.",LW_Quest_28,LW_Quest_28,assets/cards/LW_Quest_28.webp,Key_BuildaReputationinSkullport,cards_quests.lua,,,"{""zh_codex"": {""label"": ""中文校译"", ""source"": ""Codex quest translation using locked project terminology and local DND references, 2026-05-27"", ""name"": ""在骷髅港建立声望"", ""card_text"": ""抽 1 张阴谋卡。"", ""possible_lore_text"": ""在深水城地底深处，阴影笼罩的骷髅港擅长走私和其他犯罪勾当。""}}",在骷髅港建立声望,抽 1 张阴谋卡。,在深水城地底深处，阴影笼罩的骷髅港擅长走私和其他犯罪勾当。
quest,base,Establish Harpers Safe House,skullduggery,False,,,2 gold; 2 fighter; 3 rogue,8 VP,,,,plus 2 VP for each Building you control.,"The Harpers need a safe haven from
which to launch their campaign
against the darkness.",LW_Quest_29,LW_Quest_29,assets/cards/LW_Quest_29.webp,Key_EstablishHarpersSafeHouse,cards_quests.lua,,,"{""zh_codex"": {""label"": ""中文校译"", ""source"": ""Codex quest translation using locked project terminology and local DND references, 2026-05-27"", ""name"": ""建立竖琴手同盟安全屋"", ""card_text"": ""再按你控制的每座建筑获得 2 VP。"", ""possible_lore_text"": ""竖琴手同盟需要一处安全避风港，作为他们对抗黑暗的行动基地。""}}",建立竖琴手同盟安全屋,再按你控制的每座建筑获得 2 VP。,竖琴手同盟需要一处安全避风港，作为他们对抗黑暗的行动基地。
quest,base,Establish Shadow Thieves' Guild,skullduggery,False,,,1 fighter; 8 rogue; 1 wizard,25 VP,,,,,"After more than a century of
banishment,
 the time has come for a
new guild 
to rise in the Trade Ward.",LW_Quest_30,LW_Quest_30,assets/cards/LW_Quest_30.webp,Key_EstablishShadowThievesGuild,cards_quests.lua,,,"{""zh_codex"": {""label"": ""中文校译"", ""source"": ""Codex quest translation using locked project terminology and local DND references, 2026-05-27"", ""name"": ""建立暗影盗贼公会"", ""card_text"": """", ""possible_lore_text"": ""在被驱逐一个多世纪之后，是时候让新的公会在贸易区崛起了。""}}",建立暗影盗贼公会,,在被驱逐一个多世纪之后，是时候让新的公会在贸易区崛起了。
quest,base,Expose Cult Corruption,skullduggery,False,,,1 cleric; 4 rogue,2 cleric; 4 VP,,,,,"“The Cult of the Dragon has
infiltrated
the temples of Waterdeep.
Reveal these imposters!”",LW_Quest_31,LW_Quest_31,assets/cards/LW_Quest_31.webp,Key_ExposeCultCorruption,cards_quests.lua,,,"{""zh_codex"": {""label"": ""中文校译"", ""source"": ""Codex quest translation using locked project terminology and local DND references, 2026-05-27"", ""name"": ""揭露邪教腐败"", ""card_text"": """", ""possible_lore_text"": ""“龙巫教已经渗透进深水城的各座神殿。揭穿这些冒牌货！”""}}",揭露邪教腐败,,“龙巫教已经渗透进深水城的各座神殿。揭穿这些冒牌货！”
quest,base,Prison Break,skullduggery,False,,,2 gold; 4 rogue; 2 wizard,2 fighter; 14 VP,,,,and immediately play 1 Intrigue card without taking an action.,"“How secure are the walls
of Castle Waterdeep?”",LW_Quest_32,LW_Quest_32,assets/cards/LW_Quest_32.webp,Key_PrisonBreak,cards_quests.lua,,,"{""zh_codex"": {""label"": ""中文校译"", ""source"": ""Codex quest translation using locked project terminology and local DND references, 2026-05-27"", ""name"": ""劫狱"", ""card_text"": ""并立即打出 1 张阴谋卡，无需执行行动。"", ""possible_lore_text"": ""“深水城城堡的围墙到底有多牢靠？”""}}",劫狱,并立即打出 1 张阴谋卡，无需执行行动。,“深水城城堡的围墙到底有多牢靠？”
quest,base,Procure Stolen Goods,skullduggery,False,,,6 gold; 3 rogue,8 VP,,,,Take 2 Intrigue cards.,"Marune the Masked, one of the Shadow
Thieves, needs to move some
interesting merchandise.",LW_Quest_33,LW_Quest_33,assets/cards/LW_Quest_33.webp,Key_ProcureStolenGoods,cards_quests.lua,,,"{""zh_codex"": {""label"": ""中文校译"", ""source"": ""Codex quest translation using locked project terminology and local DND references, 2026-05-27"", ""name"": ""收购赃物"", ""card_text"": ""抽 2 张阴谋卡。"", ""possible_lore_text"": ""暗影盗贼之一“假面”马伦需要转手一些有意思的货物。""}}",收购赃物,抽 2 张阴谋卡。,暗影盗贼之一“假面”马伦需要转手一些有意思的货物。
quest,base,Raid on Undermountain,skullduggery,False,,,1 cleric; 2 fighter; 4 rogue; 1 wizard,2 gold; 20 VP,,,,,"“Mount an expedition into the
dangerous depths of Undermountain,
and untold riches will be ours!”",LW_Quest_34,LW_Quest_34,assets/cards/LW_Quest_34.webp,Key_RaidonUndermountain,cards_quests.lua,,,"{""zh_codex"": {""label"": ""中文校译"", ""source"": ""Codex quest translation using locked project terminology and local DND references, 2026-05-27"", ""name"": ""突袭地脉迷城"", ""card_text"": """", ""possible_lore_text"": ""“向地脉迷城的危险深处发起远征，数不尽的财富就会属于我们！”""}}",突袭地脉迷城,,“向地脉迷城的危险深处发起远征，数不尽的财富就会属于我们！”
quest,base,Steal from House Adarbrent,skullduggery,False,,,1 fighter; 4 rogue; 1 wizard,6 gold; 10 VP,,,,,"“Such an influential merchant family
can
 afford to part with a few trinkets.”",LW_Quest_35,LW_Quest_35,assets/cards/LW_Quest_35.webp,Key_StealfromHouseAdarbrent,cards_quests.lua,,,"{""zh_codex"": {""label"": ""中文校译"", ""source"": ""Codex quest translation using locked project terminology and local DND references, 2026-05-27"", ""name"": ""盗取阿达布兰特家财物"", ""card_text"": """", ""possible_lore_text"": ""“如此有影响力的商人家族，少几件小玩意也承受得起。”""}}",盗取阿达布兰特家财物,,“如此有影响力的商人家族，少几件小玩意也承受得起。”
quest,base,Take Over Rival Organization,skullduggery,False,,,6 gold; 1 fighter; 2 rogue; 1 wizard,4 rogue; 10 VP,,,,,"“Remove the leader, and the underlings
will fall into your hands.”",LW_Quest_36,LW_Quest_36,assets/cards/LW_Quest_36.webp,Key_TakeOverRivalOrganization,cards_quests.lua,,,"{""zh_codex"": {""label"": ""中文校译"", ""source"": ""Codex quest translation using locked project terminology and local DND references, 2026-05-27"", ""name"": ""接管竞争组织"", ""card_text"": """", ""possible_lore_text"": ""“除掉首领，下面的人自然会落到你手里。”""}}",接管竞争组织,,“除掉首领，下面的人自然会落到你手里。”
quest,base,Ambush Artor Morlin,warfare,False,,,1 cleric; 3 fighter; 1 rogue,4 gold; 8 VP,,,,,"“The vampire lord Artor Morlin must be
shown that Waterdeep is not his
personal hunting ground.”",LW_Quest_37,LW_Quest_37,assets/cards/LW_Quest_37.webp,Key_AmbushArtorMorlin,cards_quests.lua,,,"{""zh_codex"": {""label"": ""中文校译"", ""source"": ""Codex quest translation using locked project terminology and local DND references, 2026-05-27"", ""name"": ""伏击阿托尔·莫林"", ""card_text"": """", ""possible_lore_text"": ""“必须让吸血鬼领主阿托尔·莫林明白，深水城不是他的私人猎场。”""}}",伏击阿托尔·莫林,,“必须让吸血鬼领主阿托尔·莫林明白，深水城不是他的私人猎场。”
quest,base,Bolster City Guard,warfare,False,,,9 fighter; 2 rogue,,,,,,"“The City Guard must remain
strong.
  Send a regiment
to shore up its forces.”",LW_Quest_38,LW_Quest_38,assets/cards/LW_Quest_38.webp,Key_BolsterCityGuard,cards_quests.lua,,,"{""zh_codex"": {""label"": ""中文校译"", ""source"": ""Codex quest translation using locked project terminology and local DND references, 2026-05-27"", ""name"": ""壮大城市守卫联盟"", ""card_text"": """", ""possible_lore_text"": ""“城市守卫联盟必须保持强大。派一个团去增补他们的兵力。”""}}",壮大城市守卫联盟,,“城市守卫联盟必须保持强大。派一个团去增补他们的兵力。”
quest,base,Confront the Xanathar,warfare,False,,,1 cleric; 4 fighter; 2 rogue; 1 wizard,2 gold; 20 VP,,,,,"“Disrupt the plans of the Xanathar, the
beholder crime lord of Skullport.”",LW_Quest_39,LW_Quest_39,assets/cards/LW_Quest_39.webp,Key_ConfronttheXanathar,cards_quests.lua,,,"{""zh_codex"": {""label"": ""中文校译"", ""source"": ""Codex quest translation using locked project terminology and local DND references, 2026-05-27"", ""name"": ""对抗珊娜萨"", ""card_text"": """", ""possible_lore_text"": ""“破坏珊娜萨的计划。它是骷髅港的眼魔犯罪领主。”""}}",对抗珊娜萨,,“破坏珊娜萨的计划。它是骷髅港的眼魔犯罪领主。”
quest,base,Defeat Uprising From Undermountain,warfare,False,,,2 gold; 1 cleric; 3 fighter; 1 rogue,2 fighter; 11 VP,,,,,"Monsters boil out of Undermountain
to
 threaten the streets of Waterdeep.",LW_Quest_40,LW_Quest_40,assets/cards/LW_Quest_40.webp,Key_DefeatUprisingFromUndermountain,cards_quests.lua,,,"{""zh_codex"": {""label"": ""中文校译"", ""source"": ""Codex quest translation using locked project terminology and local DND references, 2026-05-27"", ""name"": ""平定地脉迷城暴动"", ""card_text"": """", ""possible_lore_text"": ""怪物从地脉迷城中蜂拥而出，威胁着深水城的街道。""}}",平定地脉迷城暴动,,怪物从地脉迷城中蜂拥而出，威胁着深水城的街道。
quest,base,Deliver an Ultimatum,warfare,False,,,4 fighter; 1 rogue; 1 wizard,4 gold; 11 VP,,,,,"“Tempus sends a final warning
to the Zhentarim leader.”",LW_Quest_41,LW_Quest_41,assets/cards/LW_Quest_41.webp,Key_DeliveranUltimatum,cards_quests.lua,,,"{""zh_codex"": {""label"": ""中文校译"", ""source"": ""Codex quest translation using locked project terminology and local DND references, 2026-05-27"", ""name"": ""送达最后通牒"", ""card_text"": """", ""possible_lore_text"": ""“坦帕斯向散塔林会首领送去最后警告。”""}}",送达最后通牒,,“坦帕斯向散塔林会首领送去最后警告。”
quest,base,Deliver Weapons to Selune's Temple,warfare,False,,,2 gold; 4 fighter; 1 rogue; 1 wizard,2 cleric; 9 VP,,,,,"“Make sure these armaments
reach the temple safely.”",LW_Quest_42,LW_Quest_42,assets/cards/LW_Quest_42.webp,Key_DeliverWeaponstoSelunesTemple,cards_quests.lua,,,"{""zh_codex"": {""label"": ""中文校译"", ""source"": ""Codex quest translation using locked project terminology and local DND references, 2026-05-27"", ""name"": ""向塞伦涅神殿运送武器"", ""card_text"": """", ""possible_lore_text"": ""“确保这些军械安全送抵神殿。”""}}",向塞伦涅神殿运送武器,,“确保这些军械安全送抵神殿。”
quest,base,Raid Orc Stronghold,warfare,False,,,4 fighter; 2 rogue,4 gold; 8 VP,,,,,"“Orc marauders endanger
the trade roads
 and must
be dealt with. Harshly.”",LW_Quest_43,LW_Quest_43,assets/cards/LW_Quest_43.webp,Key_RaidOrcStronghold,cards_quests.lua,,,"{""zh_codex"": {""label"": ""中文校译"", ""source"": ""Codex quest translation using locked project terminology and local DND references, 2026-05-27"", ""name"": ""突袭兽人要塞"", ""card_text"": """", ""possible_lore_text"": ""“兽人掠袭者威胁贸易道路，必须处理掉。狠狠地处理。”""}}",突袭兽人要塞,,“兽人掠袭者威胁贸易道路，必须处理掉。狠狠地处理。”
quest,base,Repel Seawraiths,warfare,False,,,1 cleric; 4 fighter; 1 wizard,2 gold; 15 VP,,,,,"“Seawraiths are attacking ships in
the harbor. Drive them back into
the Sea of Swords.”",LW_Quest_44,LW_Quest_44,assets/cards/LW_Quest_44.webp,Key_RepelSeawraiths,cards_quests.lua,,,"{""zh_codex"": {""label"": ""中文校译"", ""source"": ""Codex quest translation using locked project terminology and local DND references, 2026-05-27"", ""name"": ""击退海怨灵"", ""card_text"": """", ""possible_lore_text"": ""“海怨灵正在袭击港口中的船只。把它们赶回宝剑海。”""}}",击退海怨灵,,“海怨灵正在袭击港口中的船只。把它们赶回宝剑海。”
quest,base,Train Bladesingers,warfare,False,,,3 fighter; 1 wizard,1 fighter; 1 wizard; 4 VP,,,,,"Bladesingers combine weapon mastery
with magic in a deadly fighting
style known as the bladesong.",LW_Quest_45,LW_Quest_45,assets/cards/LW_Quest_45.webp,Key_TrainBladesingers,cards_quests.lua,,,"{""zh_codex"": {""label"": ""中文校译"", ""source"": ""Codex quest translation using locked project terminology and local DND references, 2026-05-27"", ""name"": ""训练刃咏者"", ""card_text"": """", ""possible_lore_text"": ""刃咏者将武器技艺与魔法结合为一种致命战斗风格，称为刃歌。""}}",训练刃咏者,,刃咏者将武器技艺与魔法结合为一种致命战斗风格，称为刃歌。
quest,base,Explore Ahghairon's Tower,arcana,True,,,2 gold; 1 fighter; 2 wizard,6 VP,,,,"Whenever you take an action that provides any Wizards, also draw 1 Intrigue card.","Spells protect this tower in
the Castle Ward.",LW_Quest_46,LW_Quest_46,assets/cards/LW_Quest_46.webp,Key_ExploreAhghaironsTower,cards_quests.lua,,,"{""zh_codex"": {""label"": ""中文校译"", ""source"": ""Codex quest translation using locked project terminology and local DND references, 2026-05-27"", ""name"": ""探索阿格哈荣之塔"", ""card_text"": ""每当你执行提供任意法师的行动时，额外抽 1 张阴谋卡。"", ""possible_lore_text"": ""法术守护着城堡区的这座高塔。""}}",探索阿格哈荣之塔,每当你执行提供任意法师的行动时，额外抽 1 张阴谋卡。,法术守护着城堡区的这座高塔。
quest,base,Recover the Magister's Orb,arcana,True,,,3 rogue; 2 wizard,6 VP,,,,"Once per round, you can assign an Agent to a space containing an opponent's Agent.","Waterdeep’s black-robed Magisters
aid
 the Lords in matters of justice.",LW_Quest_47,LW_Quest_47,assets/cards/LW_Quest_47.webp,Key_RecovertheMagistersOrb,cards_quests.lua,,,"{""zh_codex"": {""label"": ""中文校译"", ""source"": ""Codex quest translation using locked project terminology and local DND references, 2026-05-27"", ""name"": ""夺回执法官宝珠"", ""card_text"": ""每轮一次，你可以将 1 名代理人指派到已有对手代理人的行动格。"", ""possible_lore_text"": ""深水城身着黑袍的执法官在司法事务上协助领主们。""}}",夺回执法官宝珠,每轮一次，你可以将 1 名代理人指派到已有对手代理人的行动格。,深水城身着黑袍的执法官在司法事务上协助领主们。
quest,base,Study the Illusk Arch,arcana,True,,,1 cleric; 2 wizard,8 VP,,,,"Whenever you complete an Arcana Quest, you score 2 VP.","This portal connects Undermountain
to Luskan.",LW_Quest_48,LW_Quest_48,assets/cards/LW_Quest_48.webp,Key_StudytheIlluskArch,cards_quests.lua,,,"{""zh_codex"": {""label"": ""中文校译"", ""source"": ""Codex quest translation using locked project terminology and local DND references, 2026-05-27"", ""name"": ""研究伊路斯克拱门"", ""card_text"": ""每当你完成 1 个奥术任务，获得 2 VP。"", ""possible_lore_text"": ""这座传送门将地脉迷城与路斯坎相连。""}}",研究伊路斯克拱门,每当你完成 1 个奥术任务，获得 2 VP。,这座传送门将地脉迷城与路斯坎相连。
quest,base,Bribe the Shipwrights,commerce,True,,,4 gold; 4 rogue; 1 wizard,10 VP,,,,"Whenever you take an action that provides any Gold, also take 1 Rogue from the supply and place it in your Tavern.","“Having a friend on the docks pays
good dividends.”",LW_Quest_49,LW_Quest_49,assets/cards/LW_Quest_49.webp,Key_BribetheShipwrights,cards_quests.lua,,,"{""zh_codex"": {""label"": ""中文校译"", ""source"": ""Codex quest translation using locked project terminology and local DND references, 2026-05-27"", ""name"": ""贿赂造船匠"", ""card_text"": ""每当你执行提供任意金币的行动时，额外从供应区拿取 1 个盗贼并放入你的酒馆。"", ""possible_lore_text"": ""“在码头有个朋友，分红可不少。”""}}",贿赂造船匠,每当你执行提供任意金币的行动时，额外从供应区拿取 1 个盗贼并放入你的酒馆。,“在码头有个朋友，分红可不少。”
quest,base,Establish New Merchant Guild,commerce,True,,,4 gold; 1 cleric; 2 fighter,8 VP,,,,"Whenever you complete a Commerce Quest, you score 2 VP.","A little coin goes a long way in
the City of Splendors.",LW_Quest_50,LW_Quest_50,assets/cards/LW_Quest_50.webp,Key_EstablishNewMerchantGuild,cards_quests.lua,,,"{""zh_codex"": {""label"": ""中文校译"", ""source"": ""Codex quest translation using locked project terminology and local DND references, 2026-05-27"", ""name"": ""建立新商人行会"", ""card_text"": ""每当你完成 1 个商业任务，获得 2 VP。"", ""possible_lore_text"": ""在光辉之城，一点小钱能办成很多事。""}}",建立新商人行会,每当你完成 1 个商业任务，获得 2 VP。,在光辉之城，一点小钱能办成很多事。
quest,base,Infiltrate Builder's Hall,commerce,True,,,4 gold; 2 fighter; 2 rogue,6 VP,,,,"Whenever you buy a Building, you score 4 VP.","""Find out what the Guild of Stonecutters,
Masons, Potters, and Tilemakers is up to.""",LW_Quest_51,LW_Quest_51,assets/cards/LW_Quest_51.webp,Key_InfiltrateBuildersHall,cards_quests.lua,,,"{""zh_codex"": {""label"": ""中文校译"", ""source"": ""Codex quest translation using locked project terminology and local DND references, 2026-05-27"", ""name"": ""渗透建造者大厅"", ""card_text"": ""每当你购买 1 座建筑，获得 4 VP。"", ""possible_lore_text"": ""“查清石匠、泥瓦匠、陶工与砖瓦匠行会在密谋什么。”""}}",渗透建造者大厅,每当你购买 1 座建筑，获得 4 VP。,“查清石匠、泥瓦匠、陶工与砖瓦匠行会在密谋什么。”
quest,base,Defend the Tower of Luck,piety,True,,,2 cleric; 1 fighter; 1 rogue; 1 wizard,0 VP,,,,"Once at the start of each round, take 1 Adventurer of any kind from the supply and place it in your Tavern.","“Protect Tymora’s temple and aid
shall come your way.”",LW_Quest_52,LW_Quest_52,assets/cards/LW_Quest_52.webp,Key_DefendtheTowerofLuck,cards_quests.lua,,,"{""zh_codex"": {""label"": ""中文校译"", ""source"": ""Codex quest translation using locked project terminology and local DND references, 2026-05-27"", ""name"": ""保卫幸运之塔"", ""card_text"": ""每轮开始时一次，从供应区拿取任意种类的 1 个冒险者并放入你的酒馆。"", ""possible_lore_text"": ""“保护泰摩拉的神殿，援助自然会来到你身边。”""}}",保卫幸运之塔,每轮开始时一次，从供应区拿取任意种类的 1 个冒险者并放入你的酒馆。,“保护泰摩拉的神殿，援助自然会来到你身边。”
quest,base,Produce a Miracle for the Masses,piety,True,,,4 gold; 2 cleric,5 VP,,,,"Once per round, whenever you take an action that provides any Clerics, you can also replace 1 Fighter, Rogue, or Wizard in your Tavern with 1 Cleric.",“Another cleric called to the cause.”,LW_Quest_53,LW_Quest_53,assets/cards/LW_Quest_53.webp,Key_ProduceaMiraclefortheMasses,cards_quests.lua,,,"{""zh_codex"": {""label"": ""中文校译"", ""source"": ""Codex quest translation using locked project terminology and local DND references, 2026-05-27"", ""name"": ""为民众显现神迹"", ""card_text"": ""每轮一次，每当你执行提供任意牧师的行动时，你还可以将你酒馆中的 1 个战士、盗贼或法师替换为 1 个牧师。"", ""possible_lore_text"": ""“又有一位牧师响应了这项事业。”""}}",为民众显现神迹,每轮一次，每当你执行提供任意牧师的行动时，你还可以将你酒馆中的 1 个战士、盗贼或法师替换为 1 个牧师。,“又有一位牧师响应了这项事业。”
quest,base,Protect the House of Wonder,piety,True,,,2 gold; 2 cleric; 1 fighter,8 VP,,,,"Whenever you complete a Piety Quest, you score 2 VP.","Defending Mystra’s temple
demonstrates devotion.",LW_Quest_54,LW_Quest_54,assets/cards/LW_Quest_54.webp,Key_ProtecttheHouseofWonder,cards_quests.lua,,,"{""zh_codex"": {""label"": ""中文校译"", ""source"": ""Codex quest translation using locked project terminology and local DND references, 2026-05-27"", ""name"": ""守护奇迹殿"", ""card_text"": ""每当你完成 1 个虔诚任务，获得 2 VP。"", ""possible_lore_text"": ""守护密斯特拉的神殿，正是虔诚的证明。""}}",守护奇迹殿,每当你完成 1 个虔诚任务，获得 2 VP。,守护密斯特拉的神殿，正是虔诚的证明。
quest,base,Fence Goods for Duke of Darkness,skullduggery,True,,,4 gold; 1 fighter; 3 rogue,6 VP,,,,"Whenever you take an action that provides any Rogues, also take 2 Gold from the supply.","In some wards, stolen goods
turn a nice profit.",LW_Quest_55,LW_Quest_55,assets/cards/LW_Quest_55.webp,Key_FenceGoodsforDukeofDarkness,cards_quests.lua,,,"{""zh_codex"": {""label"": ""中文校译"", ""source"": ""Codex quest translation using locked project terminology and local DND references, 2026-05-27"", ""name"": ""为黑暗公爵销赃"", ""card_text"": ""每当你执行提供任意盗贼的行动时，额外从供应区拿取 2 金币。"", ""possible_lore_text"": ""在某些城区，赃物能卖出不错的利润。""}}",为黑暗公爵销赃,每当你执行提供任意盗贼的行动时，额外从供应区拿取 2 金币。,在某些城区，赃物能卖出不错的利润。
quest,base,Install a Spy in Castle Waterdeep,skullduggery,True,,,4 gold; 4 rogue,8 VP,,,,"Whenever you complete a Skullduggery Quest, you score 2 VP.","“Watch and listen, watch and listen...”",LW_Quest_56,LW_Quest_56,assets/cards/LW_Quest_56.webp,Key_InstallaSpyinCastleWaterdeep,cards_quests.lua,,,"{""zh_codex"": {""label"": ""中文校译"", ""source"": ""Codex quest translation using locked project terminology and local DND references, 2026-05-27"", ""name"": ""在深水城城堡安插间谍"", ""card_text"": ""每当你完成 1 个阴谋任务，获得 2 VP。"", ""possible_lore_text"": ""“看着，听着；看着，听着……”""}}",在深水城城堡安插间谍,每当你完成 1 个阴谋任务，获得 2 VP。,“看着，听着；看着，听着……”
quest,base,Place Sleeper Agent in Skullport,skullduggery,True,,,1 fighter; 4 rogue; 1 wizard,0 VP,,,,"Whenever you play an Intrigue card, you score 2 VP.","“Pray your agent is good, for
Skullport is unforgiving.”",LW_Quest_57,LW_Quest_57,assets/cards/LW_Quest_57.webp,Key_PlaceSleeperAgentinSkullport,cards_quests.lua,,,"{""zh_codex"": {""label"": ""中文校译"", ""source"": ""Codex quest translation using locked project terminology and local DND references, 2026-05-27"", ""name"": ""在骷髅港安插潜伏代理人"", ""card_text"": ""每当你打出 1 张阴谋卡，获得 2 VP。"", ""possible_lore_text"": ""“祈祷你的代理人足够能干吧，因为骷髅港可不会宽恕失败。”""}}",在骷髅港安插潜伏代理人,每当你打出 1 张阴谋卡，获得 2 VP。,“祈祷你的代理人足够能干吧，因为骷髅港可不会宽恕失败。”
quest,base,Bolster Griffon Cavalry,warfare,True,,,4 gold; 4 fighter,6 VP,,,,"Whenever you take an action that provides any Fighters, also take 1 Fighter from the supply and place it in your Tavern.","Elite griffon-riders patrol
Waterdeep’s skies.",LW_Quest_58,LW_Quest_58,assets/cards/LW_Quest_58.webp,Key_BolsterGriffonCavalry,cards_quests.lua,,,"{""zh_codex"": {""label"": ""中文校译"", ""source"": ""Codex quest translation using locked project terminology and local DND references, 2026-05-27"", ""name"": ""壮大狮鹫骑兵"", ""card_text"": ""每当你执行提供任意战士的行动时，额外从供应区拿取 1 个战士并放入你的酒馆。"", ""possible_lore_text"": ""精锐狮鹫骑手巡守着深水城的天空。""}}",壮大狮鹫骑兵,每当你执行提供任意战士的行动时，额外从供应区拿取 1 个战士并放入你的酒馆。,精锐狮鹫骑手巡守着深水城的天空。
quest,base,Quell Mercenary Uprising,warfare,True,,,1 cleric; 4 fighter,8 VP,,,,"Whenever you complete a Warfare Quest, you score 2 VP.","“No lord should resort to such
obvious machinations.”",LW_Quest_59,LW_Quest_59,assets/cards/LW_Quest_59.webp,Key_QuellMercenaryUprising,cards_quests.lua,,,"{""zh_codex"": {""label"": ""中文校译"", ""source"": ""Codex quest translation using locked project terminology and local DND references, 2026-05-27"", ""name"": ""平息佣兵叛乱"", ""card_text"": ""每当你完成 1 个战争任务，获得 2 VP。"", ""possible_lore_text"": ""“没有哪位领主该诉诸如此显眼的操弄手段。”""}}",平息佣兵叛乱,每当你完成 1 个战争任务，获得 2 VP。,“没有哪位领主该诉诸如此显眼的操弄手段。”
quest,base,Recruit Lieutenant,warfare,True,,,1 cleric; 5 fighter; 1 rogue; 1 wizard,0 VP,,,,Add the Lieutenant to your pool of Agents for the rest of the game.,“Good help can be so hard to find.”,LW_Quest_60,LW_Quest_60,assets/cards/LW_Quest_60.webp,Key_RecruitLieutenant,cards_quests.lua,,,"{""zh_codex"": {""label"": ""中文校译"", ""source"": ""Codex quest translation using locked project terminology and local DND references, 2026-05-27"", ""name"": ""招募副官"", ""card_text"": ""在本局剩余时间里，将副官加入你的代理人池。"", ""possible_lore_text"": ""“称心的帮手可真难找。”""}}",招募副官,在本局剩余时间里，将副官加入你的代理人池。,“称心的帮手可真难找。”
quest,skullport,Clear Rust Monster Nest,mandatory,False,,,1 wizard; 1 fighter; 2 gold,2 VP,,,,F W 2G,"A fighter is as useful as
a worm on a hook.",SP_Intrigue_23,SP_Intrigue_23,assets/cards/SP_Intrigue_23.webp,Key_ClearRustMonsterNest,cards_quests_SP.lua,,,"{""zh_codex"": {""label"": ""中文校译"", ""source"": ""Codex quest translation using locked project terminology and local DND references, 2026-05-27"", ""name"": ""清除锈蚀怪巢穴"", ""card_text"": """", ""possible_lore_text"": ""对付锈蚀怪时，战士跟钩上的虫饵一样有用。""}}",清除锈蚀怪巢穴,,对付锈蚀怪时，战士跟钩上的虫饵一样有用。
quest,skullport,Cover Up a Scandal,mandatory,False,,,1 cleric; 1 fighter; 1 rogue; 1 wizard,2 VP,,,,C F R W,"“My people have done a
thorough investigation and
found no indication
of wrongdoing.”",SP_Intrigue_24,SP_Intrigue_24,assets/cards/SP_Intrigue_24.webp,Key_CoverUpScandal,cards_quests_SP.lua,,,"{""zh_codex"": {""label"": ""中文校译"", ""source"": ""Codex quest translation using locked project terminology and local DND references, 2026-05-27"", ""name"": ""掩盖丑闻"", ""card_text"": """", ""possible_lore_text"": ""“我的人已经做过彻底调查，没有发现任何不当行为的迹象。”""}}",掩盖丑闻,,“我的人已经做过彻底调查，没有发现任何不当行为的迹象。”
quest,skullport,Hunt Hidden Ghoul,mandatory,False,,,1 cleric; 1 rogue; 2 gold,2 VP,,,,C R 2G,"The sewers make excellent lairs
for the foul undead.",SP_Intrigue_25,SP_Intrigue_25,assets/cards/SP_Intrigue_25.webp,Key_HuntHiddenGhoul,cards_quests_SP.lua,,,"{""zh_codex"": {""label"": ""中文校译"", ""source"": ""Codex quest translation using locked project terminology and local DND references, 2026-05-27"", ""name"": ""猎杀藏匿食尸鬼"", ""card_text"": """", ""possible_lore_text"": ""下水道是这类污秽不死生物绝佳的巢穴。""}}",猎杀藏匿食尸鬼,,下水道是这类污秽不死生物绝佳的巢穴。
quest,skullport,Establish Cult Cell,arcana,False,,,3 gold; 2 rogue; 2 wizard,2 fighter; 1 wizard; 18 VP,,,,,"The Cult of the Dragon
believes
 dracoliches will
one day rule the world.",SP_Quest_01,SP_Quest_01,assets/cards/SP_Quest_01.webp,Key_EstablishCultCell,cards_quests_SP.lua,,,"{""zh_codex"": {""label"": ""中文校译"", ""source"": ""Codex quest translation using locked project terminology and local DND references, 2026-05-27"", ""name"": ""建立邪教据点"", ""card_text"": """", ""possible_lore_text"": ""龙巫教相信，龙巫妖终有一日会统治世界。""}}",建立邪教据点,,龙巫教相信，龙巫妖终有一日会统治世界。
quest,skullport,Investigate Thayan Vessel,arcana,False,,,2 gold; 1 cleric; 2 fighter; 2 rogue; 2 wizard,13 VP,,,,,"What caused the Red Wizards to
abandon such a powerful ship?",SP_Quest_02,SP_Quest_02,assets/cards/SP_Quest_02.webp,Key_InvestigateThayanVessel,cards_quests_SP.lua,,,"{""zh_codex"": {""label"": ""中文校译"", ""source"": ""Codex quest translation using locked project terminology and local DND references, 2026-05-27"", ""name"": ""调查塞尔船只"", ""card_text"": """", ""possible_lore_text"": ""是什么让红袍巫师弃下了如此强大的船只？""}}",调查塞尔船只,,是什么让红袍巫师弃下了如此强大的船只？
quest,skullport,Renew Guards and Wards,arcana,False,,,2 gold; 1 cleric; 1 fighter; 2 wizard,9 VP,,,,,Better safe than sorry.,SP_Quest_03,SP_Quest_03,assets/cards/SP_Quest_03.webp,Key_RenewGuardsandWards,cards_quests_SP.lua,,,"{""zh_codex"": {""label"": ""中文校译"", ""source"": ""Codex quest translation using locked project terminology and local DND references, 2026-05-27"", ""name"": ""重施卫护与结界"", ""card_text"": """", ""possible_lore_text"": ""小心总比后悔好。""}}",重施卫护与结界,,小心总比后悔好。
quest,skullport,Seal an Entrance to Skullport,arcana,False,,,1 cleric; 2 fighter; 2 rogue; 2 wizard,10 VP,,,,,Some things should stay hidden.,SP_Quest_04,SP_Quest_04,assets/cards/SP_Quest_04.webp,Key_SealanEntrancetoSkullport,cards_quests_SP.lua,,,"{""zh_codex"": {""label"": ""中文校译"", ""source"": ""Codex quest translation using locked project terminology and local DND references, 2026-05-27"", ""name"": ""封闭一处通往骷髅港的入口"", ""card_text"": """", ""possible_lore_text"": ""有些东西就该继续隐藏。""}}",封闭一处通往骷髅港的入口,,有些东西就该继续隐藏。
quest,skullport,Donate to the City,commerce,False,,,10 gold; 2 cleric; 1 wizard,13 VP,,,,,"When you open a school,
you close a prison.",SP_Quest_05,SP_Quest_05,assets/cards/SP_Quest_05.webp,Key_DonatetotheCity,cards_quests_SP.lua,,,"{""zh_codex"": {""label"": ""中文校译"", ""source"": ""Codex quest translation using locked project terminology and local DND references, 2026-05-27"", ""name"": ""向城市捐献"", ""card_text"": """", ""possible_lore_text"": ""你每开办一所学校，就少了一座监狱。""}}",向城市捐献,,你每开办一所学校，就少了一座监狱。
quest,skullport,Fund Alchemical Research,commerce,False,,,4 gold; 1 cleric; 1 rogue; 2 wizard,12 gold; 20 VP,,,,,"Fool’s gold is fine, as long
as you’re not the fool.",SP_Quest_06,SP_Quest_06,assets/cards/SP_Quest_06.webp,Key_FundAlchemicalResearch,cards_quests_SP.lua,,,"{""zh_codex"": {""label"": ""中文校译"", ""source"": ""Codex quest translation using locked project terminology and local DND references, 2026-05-27"", ""name"": ""资助炼金研究"", ""card_text"": """", ""possible_lore_text"": ""愚人金也不错，只要你不是那个愚人。""}}",资助炼金研究,,愚人金也不错，只要你不是那个愚人。
quest,skullport,Fund Pilgrimage of Waukeen,commerce,False,,,5 gold; 1 cleric; 1 fighter; 2 rogue,16 VP,,,,,"Clerics of the goddess of wealth rarely
pay for anything themselves.",SP_Quest_07,SP_Quest_07,assets/cards/SP_Quest_07.webp,Key_FundPilgrimageofWaukeen,cards_quests_SP.lua,,,"{""zh_codex"": {""label"": ""中文校译"", ""source"": ""Codex quest translation using locked project terminology and local DND references, 2026-05-27"", ""name"": ""资助渥金朝圣"", ""card_text"": """", ""possible_lore_text"": ""财富女神的牧师很少自己掏钱。""}}",资助渥金朝圣,,财富女神的牧师很少自己掏钱。
quest,skullport,Pay Fines,commerce,False,,,4 gold; 1 cleric; 3 rogue,4 VP,,,,,"“Whoever said crime doesn’t pay
didn’t
 work for the Masked Lords.”",SP_Quest_08,SP_Quest_08,assets/cards/SP_Quest_08.webp,Key_PayFines,cards_quests_SP.lua,,,"{""zh_codex"": {""label"": ""中文校译"", ""source"": ""Codex quest translation using locked project terminology and local DND references, 2026-05-27"", ""name"": ""缴纳罚金"", ""card_text"": """", ""possible_lore_text"": ""“说犯罪不赚钱的人，肯定没替假面领主做过事。”""}}",缴纳罚金,,“说犯罪不赚钱的人，肯定没替假面领主做过事。”
quest,skullport,Banish Evil Spirits,piety,False,,,2 cleric; 2 fighter; 1 wizard,5 VP,,,,,"“Wicked shadows and souls of
darkness, I abjure you!”",SP_Quest_09,SP_Quest_09,assets/cards/SP_Quest_09.webp,Key_BanishEvilSpirits,cards_quests_SP.lua,,,"{""zh_codex"": {""label"": ""中文校译"", ""source"": ""Codex quest translation using locked project terminology and local DND references, 2026-05-27"", ""name"": ""放逐邪灵"", ""card_text"": """", ""possible_lore_text"": ""“邪恶阴影与黑暗灵魂，我驱逐你们！”""}}",放逐邪灵,,“邪恶阴影与黑暗灵魂，我驱逐你们！”
quest,skullport,Enter the Tower of Seven Woes,piety,False,,,,3 cleric; 19 VP,,,,,"Acolytes at Loviatar’s temple must
progress through each level before
being accepted as priests.",SP_Quest_10,SP_Quest_10,assets/cards/SP_Quest_10.webp,Key_EntertheTowerofSevenWoes,cards_quests_SP.lua,,,"{""zh_codex"": {""label"": ""中文校译"", ""source"": ""Codex quest translation using locked project terminology and local DND references, 2026-05-27"", ""name"": ""进入七祸之塔"", ""card_text"": """", ""possible_lore_text"": ""劳薇艾塔神殿的侍僧必须逐层通过考验，才能被接纳为祭司。""}}",进入七祸之塔,,劳薇艾塔神殿的侍僧必须逐层通过考验，才能被接纳为祭司。
quest,skullport,Institute Reforms,piety,False,,,2 gold; 4 cleric; 1 fighter; 1 rogue,13 VP,,,,,"The priests of Torm steer all
toward the righteous path.",SP_Quest_11,SP_Quest_11,assets/cards/SP_Quest_11.webp,Key_InstituteReforms,cards_quests_SP.lua,,,"{""zh_codex"": {""label"": ""中文校译"", ""source"": ""Codex quest translation using locked project terminology and local DND references, 2026-05-27"", ""name"": ""推行改革"", ""card_text"": """", ""possible_lore_text"": ""托姆的祭司引导所有人走上正义之路。""}}",推行改革,,托姆的祭司引导所有人走上正义之路。
quest,skullport,Sanctify Temple to Oghma,piety,False,,,5 gold; 2 cleric; 1 wizard,18 VP,,,,,"Donating new items of lore is
the highest
 sacrament for
Oghma’s faithful.",SP_Quest_12,SP_Quest_12,assets/cards/SP_Quest_12.webp,Key_SanctifyTempletoOghma,cards_quests_SP.lua,,,"{""zh_codex"": {""label"": ""中文校译"", ""source"": ""Codex quest translation using locked project terminology and local DND references, 2026-05-27"", ""name"": ""圣化欧格玛神殿"", ""card_text"": """", ""possible_lore_text"": ""为欧格玛的信徒捐赠新的学识资料，是最高的圣礼。""}}",圣化欧格玛神殿,,为欧格玛的信徒捐赠新的学识资料，是最高的圣礼。
quest,skullport,Bury the Bodies,skullduggery,False,,,2 gold; 2 fighter; 3 rogue,20 VP,,,,,"“This is not what I meant when I said
I could work the graveyard shift.”",SP_Quest_13,SP_Quest_13,assets/cards/SP_Quest_13.webp,Key_BurytheBodies,cards_quests_SP.lua,,,"{""zh_codex"": {""label"": ""中文校译"", ""source"": ""Codex quest translation using locked project terminology and local DND references, 2026-05-27"", ""name"": ""埋尸灭迹"", ""card_text"": """", ""possible_lore_text"": ""“我说我能上夜班，可不是这个意思。”""}}",埋尸灭迹,,“我说我能上夜班，可不是这个意思。”
quest,skullport,Rescue a Victim from the Skulls,skullduggery,False,,,2 fighter; 4 rogue; 1 wizard,9 VP,,,,,"Skullport has few laws, but if you
break
 them, the Skulls come for you.",SP_Quest_14,SP_Quest_14,assets/cards/SP_Quest_14.webp,Key_RescueaVictimfromtheSkulls,cards_quests_SP.lua,,,"{""zh_codex"": {""label"": ""中文校译"", ""source"": ""Codex quest translation using locked project terminology and local DND references, 2026-05-27"", ""name"": ""从诸骷髅手中救出受害者"", ""card_text"": """", ""possible_lore_text"": ""骷髅港的法律寥寥无几，但如果你破坏了它们，诸骷髅就会来找你。""}}",从诸骷髅手中救出受害者,,骷髅港的法律寥寥无几，但如果你破坏了它们，诸骷髅就会来找你。
quest,skullport,Save Kidnapped Nobles,skullduggery,False,,,5 gold; 6 rogue; 2 wizard,4 fighter; 9 VP,,,,,"“If they don’t accept the ransom,
make them pay in blood.”",SP_Quest_15,SP_Quest_15,assets/cards/SP_Quest_15.webp,Key_SaveKidnappedNobles,cards_quests_SP.lua,,,"{""zh_codex"": {""label"": ""中文校译"", ""source"": ""Codex quest translation using locked project terminology and local DND references, 2026-05-27"", ""name"": ""拯救被绑架贵族"", ""card_text"": """", ""possible_lore_text"": ""“如果他们不接受赎金，就让他们用鲜血偿付。”""}}",拯救被绑架贵族,,“如果他们不接受赎金，就让他们用鲜血偿付。”
quest,skullport,Swindle the Builders' Guilds,skullduggery,False,,,5 gold; 1 cleric; 2 fighter; 3 rogue,13 VP,,,,,"“Sign the deed, and your
troubles will be over.”",SP_Quest_16,SP_Quest_16,assets/cards/SP_Quest_16.webp,Key_SwindletheBuildersGuilds,cards_quests_SP.lua,,,"{""zh_codex"": {""label"": ""中文校译"", ""source"": ""Codex quest translation using locked project terminology and local DND references, 2026-05-27"", ""name"": ""欺诈建造者公会"", ""card_text"": """", ""possible_lore_text"": ""“签下契约，你的麻烦就结束了。”""}}",欺诈建造者公会,,“签下契约，你的麻烦就结束了。”
quest,skullport,Assassinate Rivals,warfare,False,,,4 fighter; 1 rogue,16 VP,,,,,Dead people cause fewer problems.,SP_Quest_17,SP_Quest_17,assets/cards/SP_Quest_17.webp,Key_AssassinateRivals,cards_quests_SP.lua,,,"{""zh_codex"": {""label"": ""中文校译"", ""source"": ""Codex quest translation using locked project terminology and local DND references, 2026-05-27"", ""name"": ""暗杀竞争对手"", ""card_text"": """", ""possible_lore_text"": ""死人造成的问题比较少。""}}",暗杀竞争对手,,死人造成的问题比较少。
quest,skullport,Improve Prison Security,warfare,False,,,4 gold; 1 cleric; 4 fighter; 2 rogue,8 VP,,,,,Every dungeon can be dug deeper.,SP_Quest_18,SP_Quest_18,assets/cards/SP_Quest_18.webp,Key_ImprovePrisonSecurity,cards_quests_SP.lua,,,"{""zh_codex"": {""label"": ""中文校译"", ""source"": ""Codex quest translation using locked project terminology and local DND references, 2026-05-27"", ""name"": ""加强监狱安保"", ""card_text"": """", ""possible_lore_text"": ""每座地牢都还能挖得更深。""}}",加强监狱安保,,每座地牢都还能挖得更深。
quest,skullport,Patrol Dock Ward,warfare,False,,,2 gold; 1 cleric; 3 fighter; 2 rogue,4 rogue; 9 VP,,,,,"The oldest ward in Waterdeep
is notorious for drunks,
smugglers, and worse.",SP_Quest_19,SP_Quest_19,assets/cards/SP_Quest_19.webp,Key_PatrolDockWard,cards_quests_SP.lua,,,"{""zh_codex"": {""label"": ""中文校译"", ""source"": ""Codex quest translation using locked project terminology and local DND references, 2026-05-27"", ""name"": ""巡逻码头区"", ""card_text"": """", ""possible_lore_text"": ""深水城最古老的城区，以醉汉、走私者和更糟的东西而臭名昭著。""}}",巡逻码头区,,深水城最古老的城区，以醉汉、走私者和更糟的东西而臭名昭著。
quest,skullport,Uncover Drow Plot,warfare,False,,,5 gold; 1 cleric; 5 fighter; 2 rogue,18 VP,,,,,"The streets of Skullport are lined
with Lolth’s secrets.",SP_Quest_20,SP_Quest_20,assets/cards/SP_Quest_20.webp,Key_UncoverDrowPlot,cards_quests_SP.lua,,,"{""zh_codex"": {""label"": ""中文校译"", ""source"": ""Codex quest translation using locked project terminology and local DND references, 2026-05-27"", ""name"": ""揭露卓尔阴谋"", ""card_text"": """", ""possible_lore_text"": ""骷髅港的街道两旁满是罗丝的秘密。""}}",揭露卓尔阴谋,,骷髅港的街道两旁满是罗丝的秘密。
quest,skullport,Recruit Academy Castoffs,arcana,True,,,2 gold; 1 fighter; 1 wizard,8 VP,,,,,"Some apprentices seek too much power
to be trusted by the Archmage.",SP_Quest_21,SP_Quest_21,assets/cards/SP_Quest_21.webp,Key_RecruitAcademyCastoffs,cards_quests_SP.lua,,,"{""zh_codex"": {""label"": ""中文校译"", ""source"": ""Codex quest translation using locked project terminology and local DND references, 2026-05-27"", ""name"": ""招募学院落选者"", ""card_text"": """", ""possible_lore_text"": ""有些学徒追求过多力量，不值得大法师信任。""}}",招募学院落选者,,有些学徒追求过多力量，不值得大法师信任。
quest,skullport,Uncover Forbidden Lore,arcana,True,,,2 rogue; 3 wizard,17 VP,,,,,Power corrupts.,SP_Quest_22,SP_Quest_22,assets/cards/SP_Quest_22.webp,Key_UncoverForbiddenLore,cards_quests_SP.lua,,,"{""zh_codex"": {""label"": ""中文校译"", ""source"": ""Codex quest translation using locked project terminology and local DND references, 2026-05-27"", ""name"": ""揭开禁忌学识"", ""card_text"": """", ""possible_lore_text"": ""力量会腐化人心。""}}",揭开禁忌学识,,力量会腐化人心。
quest,skullport,Defame Rival Business,commerce,True,,,4 gold; 1 cleric; 2 fighter; 2 rogue,9 VP,,,,,"“What? We got rid of that carrion
crawler
 infestation months ago!”",SP_Quest_23,SP_Quest_23,assets/cards/SP_Quest_23.webp,Key_DefameRivalBusiness,cards_quests_SP.lua,,,"{""zh_codex"": {""label"": ""中文校译"", ""source"": ""Codex quest translation using locked project terminology and local DND references, 2026-05-27"", ""name"": ""抹黑竞争商号"", ""card_text"": """", ""possible_lore_text"": ""“什么？那场腐尸爬虫侵扰我们几个月前就处理掉了！”""}}",抹黑竞争商号,,“什么？那场腐尸爬虫侵扰我们几个月前就处理掉了！”
quest,skullport,Extort Aurora,commerce,True,,,4 gold; 2 rogue,8 VP,,,,,"The most dangerous thieves also
have a head for business.",SP_Quest_24,SP_Quest_24,assets/cards/SP_Quest_24.webp,Key_ExtortAurora,cards_quests_SP.lua,,,"{""zh_codex"": {""label"": ""中文校译"", ""source"": ""Codex quest translation using locked project terminology and local DND references, 2026-05-27"", ""name"": ""勒索奥萝拉"", ""card_text"": """", ""possible_lore_text"": ""最危险的盗贼也有经商头脑。""}}",勒索奥萝拉,,最危险的盗贼也有经商头脑。
quest,skullport,Give Honor to Mask,piety,True,,,2 gold; 1 cleric; 1 rogue,8 VP,,,,,"Honesty is for fools, but apparent
honesty is valuable.",SP_Quest_25,SP_Quest_25,assets/cards/SP_Quest_25.webp,Key_GiveHonortoMask,cards_quests_SP.lua,,,"{""zh_codex"": {""label"": ""中文校译"", ""source"": ""Codex quest translation using locked project terminology and local DND references, 2026-05-27"", ""name"": ""向马斯克献礼"", ""card_text"": """", ""possible_lore_text"": ""诚实是愚人的美德，但看起来诚实却很有价值。""}}",向马斯克献礼,,诚实是愚人的美德，但看起来诚实却很有价值。
quest,skullport,Protect Converts to Eilistraee,piety,True,,,3 cleric; 2 fighter; 1 wizard,10 VP,,,,,"The Dark Lady smiles on those who
see the deeper beauty within.",SP_Quest_26,SP_Quest_26,assets/cards/SP_Quest_26.webp,Key_ProtectConvertstoEilistraee,cards_quests_SP.lua,,,"{""zh_codex"": {""label"": ""中文校译"", ""source"": ""Codex quest translation using locked project terminology and local DND references, 2026-05-27"", ""name"": ""保护伊莉丝翠皈依者"", ""card_text"": """", ""possible_lore_text"": ""幽暗少女会向那些看见更深层之美的人微笑。""}}",保护伊莉丝翠皈依者,,幽暗少女会向那些看见更深层之美的人微笑。
quest,skullport,Expand Guild Activities,skullduggery,True,,,2 gold; 1 fighter; 2 rogue,8 VP,,,,,"Agents of the Eye infiltrate
Waterdeep’s
 criminal underworld.",SP_Quest_27,SP_Quest_27,assets/cards/SP_Quest_27.webp,Key_ExpandGuildActivities,cards_quests_SP.lua,,,"{""zh_codex"": {""label"": ""中文校译"", ""source"": ""Codex quest translation using locked project terminology and local DND references, 2026-05-27"", ""name"": ""扩大公会活动"", ""card_text"": """", ""possible_lore_text"": ""眼主的代理人渗透进深水城的犯罪地下世界。""}}",扩大公会活动,,眼主的代理人渗透进深水城的犯罪地下世界。
quest,skullport,Shelter Zhentarim Agents,skullduggery,True,,,1 cleric; 3 fighter; 2 wizard,16 VP,,,,,The Black Network has a long reach.,SP_Quest_28,SP_Quest_28,assets/cards/SP_Quest_28.webp,Key_ShelterZhentarimAgents,cards_quests_SP.lua,,,"{""zh_codex"": {""label"": ""中文校译"", ""source"": ""Codex quest translation using locked project terminology and local DND references, 2026-05-27"", ""name"": ""庇护散塔林会特工"", ""card_text"": """", ""possible_lore_text"": ""黑暗网络的触手伸得很长。""}}",庇护散塔林会特工,,黑暗网络的触手伸得很长。
quest,skullport,Fix the Champions' Games,warfare,True,,,2 gold; 3 fighter,8 VP,,,,,"The winners owe their fame to a
shipment of inferior weapons.",SP_Quest_29,SP_Quest_29,assets/cards/SP_Quest_29.webp,Key_FixtheChampionsGames,cards_quests_SP.lua,,,"{""zh_codex"": {""label"": ""中文校译"", ""source"": ""Codex quest translation using locked project terminology and local DND references, 2026-05-27"", ""name"": ""操纵冠军赛"", ""card_text"": """", ""possible_lore_text"": ""胜者的名声，来自一批劣质武器。""}}",操纵冠军赛,,胜者的名声，来自一批劣质武器。
quest,skullport,Train Castle Guards,warfare,True,,,5 gold; 2 fighter; 1 wizard,10 VP,,,,,A vigilant watch means less bloodshed.,SP_Quest_30,SP_Quest_30,assets/cards/SP_Quest_30.webp,Key_TrainCastleGuards,cards_quests_SP.lua,,,"{""zh_codex"": {""label"": ""中文校译"", ""source"": ""Codex quest translation using locked project terminology and local DND references, 2026-05-27"", ""name"": ""训练城堡卫兵"", ""card_text"": """", ""possible_lore_text"": ""警惕的守卫意味着更少的流血。""}}",训练城堡卫兵,,警惕的守卫意味着更少的流血。
quest,undermountain,Evade Assassin,mandatory,False,,,2 rogue; 1 wizard,,,,,2R W,"Before reestablishing their
presence in the city, the Shadow
Thieves must deal with the
Lords of Waterdeep.",UM_Intrigue_23,UM_Intrigue_23,assets/cards/UM_Intrigue_23.webp,Key_EvadeAssassin,cards_quests_UM.lua,,,"{""zh_codex"": {""label"": ""中文校译"", ""source"": ""Codex quest translation using locked project terminology and local DND references, 2026-05-27"", ""name"": ""躲避刺客"", ""card_text"": """", ""possible_lore_text"": ""暗影盗贼若要在城中重建势力，必须先应付深水城领主。""}}",躲避刺客,,暗影盗贼若要在城中重建势力，必须先应付深水城领主。
quest,undermountain,Subdue Illithid Menace,mandatory,False,,,1 cleric; 2 fighter,,,,,C 2F,"The discovery of a sailor’s
brainless corpse in the Dock
Ward sets off a frantic hunt.",UM_Intrigue_24,UM_Intrigue_24,assets/cards/UM_Intrigue_24.webp,Key_SubdueIllithidMenace,cards_quests_UM.lua,,,"{""zh_codex"": {""label"": ""中文校译"", ""source"": ""Codex quest translation using locked project terminology and local DND references, 2026-05-27"", ""name"": ""制服夺心魔威胁"", ""card_text"": """", ""possible_lore_text"": ""码头区发现一具水手的无脑尸体，随即引发了一场疯狂搜捕。""}}",制服夺心魔威胁,,码头区发现一具水手的无脑尸体，随即引发了一场疯狂搜捕。
quest,undermountain,Unveil Abyssal Agent,mandatory,False,,,1 cleric; 1 wizard,,,,,C W,"A hidden succubus can tear
apart an entire noble house
from within.",UM_Intrigue_25,UM_Intrigue_25,assets/cards/UM_Intrigue_25.webp,Key_UnveilAbyssalAgent,cards_quests_UM.lua,,,"{""zh_codex"": {""label"": ""中文校译"", ""source"": ""Codex quest translation using locked project terminology and local DND references, 2026-05-27"", ""name"": ""揭露深渊密探"", ""card_text"": """", ""possible_lore_text"": ""一只潜藏的魅魔，足以从内部撕裂整个贵族家族。""}}",揭露深渊密探,,一只潜藏的魅魔，足以从内部撕裂整个贵族家族。
quest,undermountain,Deal with the Black Viper,arcana,False,,,5 gold; 1 fighter; 4 rogue; 2 wizard,10 VP,,,,5G F 4R 2W,"The Black Viper has her hand
in intrigues
 throughout
the city and beyond.",UM_Quest_01,UM_Quest_01,assets/cards/UM_Quest_01.webp,Key_DealwiththeBlackViper,cards_quests_UM.lua,,,"{""zh_codex"": {""label"": ""中文校译"", ""source"": ""Codex quest translation using locked project terminology and local DND references, 2026-05-27"", ""name"": ""对付黑蝰蛇"", ""card_text"": """", ""possible_lore_text"": ""黑蝰蛇在城内外的各种阴谋中都有她的手笔。""}}",对付黑蝰蛇,,黑蝰蛇在城内外的各种阴谋中都有她的手笔。
quest,undermountain,Explore Trobriand's Graveyard,arcana,False,,,6 gold; 2 fighter; 3 rogue; 4 wizard,40 VP,,,,6G 2F 3R 4W,"The “Metal Mage” turned part of
Undermountain into a junkyard
of experiments.",UM_Quest_02,UM_Quest_02,assets/cards/UM_Quest_02.webp,Key_ExploreTrobriandsGraveyard,cards_quests_UM.lua,,,"{""zh_codex"": {""label"": ""中文校译"", ""source"": ""Codex quest translation using locked project terminology and local DND references, 2026-05-27"", ""name"": ""探索卓布伦德的墓场"", ""card_text"": """", ""possible_lore_text"": ""“金属法师”把地脉迷城的一部分变成了堆满实验品的废料场。""}}",探索卓布伦德的墓场,,“金属法师”把地脉迷城的一部分变成了堆满实验品的废料场。
quest,undermountain,Resurrect Dead Wizards,arcana,False,,,5 gold; 3 cleric,3 wizard; 6 VP,,,,5G 3C,"What secrets do the dead keep?
Why not ask them?",UM_Quest_03,UM_Quest_03,assets/cards/UM_Quest_03.webp,Key_ResurrectDeadWizards,cards_quests_UM.lua,,,"{""zh_codex"": {""label"": ""中文校译"", ""source"": ""Codex quest translation using locked project terminology and local DND references, 2026-05-27"", ""name"": ""复活死去的法师"", ""card_text"": """", ""possible_lore_text"": ""死者保守着什么秘密？何不亲口问问他们？""}}",复活死去的法师,,死者保守着什么秘密？何不亲口问问他们？
quest,undermountain,Survive a Meeting with Halaster,arcana,False,,,1 cleric; 1 fighter,15 VP,,,,C F 4?,"Those who survive encountering the Mad
Mage of Undermountain are usually
teleported deeper into the dungeons.",UM_Quest_04,UM_Quest_04,assets/cards/UM_Quest_04.webp,Key_SurviveaMeetingwithHalaster,cards_quests_UM.lua,,,"{""zh_codex"": {""label"": ""中文校译"", ""source"": ""Codex quest translation using locked project terminology and local DND references, 2026-05-27"", ""name"": ""在与海拉斯特会面中生还"", ""card_text"": """", ""possible_lore_text"": ""那些遭遇地脉迷城疯法师后还能活下来的人，通常会被传送到地牢更深处。""}}",在与海拉斯特会面中生还,,那些遭遇地脉迷城疯法师后还能活下来的人，通常会被传送到地牢更深处。
quest,undermountain,Ransack Whitehelm's Tomb,commerce,False,,,10 gold; 2 cleric; 3 fighter; 4 rogue,40 VP,,,,10G 2C 3F 4R,"“Disturb not the rest of those who served
Bereg Whitehelm, or the axes of the dwarves
will seek you out and fall upon you.”",UM_Quest_05,UM_Quest_05,assets/cards/UM_Quest_05.webp,Key_RansackWhitehelmsTomb,cards_quests_UM.lua,,,"{""zh_codex"": {""label"": ""中文校译"", ""source"": ""Codex quest translation using locked project terminology and local DND references, 2026-05-27"", ""name"": ""洗劫白盔之墓"", ""card_text"": """", ""possible_lore_text"": ""“不要惊扰曾侍奉贝瑞格·白盔者的安眠，否则矮人的斧刃会寻上你，落在你身上。”""}}",洗劫白盔之墓,,“不要惊扰曾侍奉贝瑞格·白盔者的安眠，否则矮人的斧刃会寻上你，落在你身上。”
quest,undermountain,Recruit for City Watch,commerce,False,,,1 cleric; 1 wizard,8 VP,,,,C W,"“Leave the exceptional
candidates for us.”",UM_Quest_06,UM_Quest_06,assets/cards/UM_Quest_06.webp,Key_RecruitforCityWatch,cards_quests_UM.lua,,,"{""zh_codex"": {""label"": ""中文校译"", ""source"": ""Codex quest translation using locked project terminology and local DND references, 2026-05-27"", ""name"": ""为城市哨卫招募"", ""card_text"": """", ""possible_lore_text"": ""“把出类拔萃的候选人留给我们。”""}}",为城市哨卫招募,,“把出类拔萃的候选人留给我们。”
quest,undermountain,Steal Gems from the Bone Throne,commerce,False,,,4 rogue; 2 wizard,10 gold; 7 VP,,,,4R 2W,"Attempts to plunder the Bone Throne
unleash its guardian magic.",UM_Quest_07,UM_Quest_07,assets/cards/UM_Quest_07.webp,Key_StealGemsfromtheBoneThrone,cards_quests_UM.lua,,,"{""zh_codex"": {""label"": ""中文校译"", ""source"": ""Codex quest translation using locked project terminology and local DND references, 2026-05-27"", ""name"": ""从白骨王座窃取宝石"", ""card_text"": """", ""possible_lore_text"": ""任何试图洗劫白骨王座的人，都会触发守护它的魔法。""}}",从白骨王座窃取宝石,,任何试图洗劫白骨王座的人，都会触发守护它的魔法。
quest,undermountain,Threaten the Builders' Guilds,commerce,False,,,10 gold; 2 fighter; 4 rogue; 2 wizard,13 VP,,,,10G 2F 4R 2W,"Controlling the many guilds in
Waterdeep is a delicate dance.",UM_Quest_08,UM_Quest_08,assets/cards/UM_Quest_08.webp,Key_ThreatentheBuildersGuilds,cards_quests_UM.lua,,,"{""zh_codex"": {""label"": ""中文校译"", ""source"": ""Codex quest translation using locked project terminology and local DND references, 2026-05-27"", ""name"": ""威胁建造者公会"", ""card_text"": """", ""possible_lore_text"": ""控制深水城众多行会，是一场微妙的舞蹈。""}}",威胁建造者公会,,控制深水城众多行会，是一场微妙的舞蹈。
quest,undermountain,Establish Temple to Ibrandul,piety,False,,,5 gold; 3 cleric; 4 rogue,1 cleric; 1 fighter; 1 rogue; 1 wizard; 11 VP,,,,5G 3C 4R,"The Lurker in Darkness watches over
any who venture below the surface
and say his name.",UM_Quest_09,UM_Quest_09,assets/cards/UM_Quest_09.webp,Key_EstablishTempletoIbrandul,cards_quests_UM.lua,,,"{""zh_codex"": {""label"": ""中文校译"", ""source"": ""Codex quest translation using locked project terminology and local DND references, 2026-05-27"", ""name"": ""建立伊布兰杜尔神殿"", ""card_text"": """", ""possible_lore_text"": ""黑暗中的潜伏者守望着所有敢于深入地底并呼唤其名的人。""}}",建立伊布兰杜尔神殿,,黑暗中的潜伏者守望着所有敢于深入地底并呼唤其名的人。
quest,undermountain,Plunder the Island Temple,piety,False,,,5 cleric; 2 fighter; 2 rogue; 1 wizard,40 VP,,,,5C 2F 2R W,"Here, in days of old, now-vanished
kuo-toa worshiped a gigantic,
froglike monster as a god.",UM_Quest_10,UM_Quest_10,assets/cards/UM_Quest_10.webp,Key_PlundertheIslandTemple,cards_quests_UM.lua,,,"{""zh_codex"": {""label"": ""中文校译"", ""source"": ""Codex quest translation using locked project terminology and local DND references, 2026-05-27"", ""name"": ""掠夺岛上神殿"", ""card_text"": """", ""possible_lore_text"": ""在旧日岁月里，如今已经消失的寇涛鱼人在此崇拜一只巨大的蛙状怪物，并奉其为神。""}}",掠夺岛上神殿,,在旧日岁月里，如今已经消失的寇涛鱼人在此崇拜一只巨大的蛙状怪物，并奉其为神。
quest,undermountain,Rescue Clerics of Tymora,piety,False,,,6 fighter; 2 wizard,3 cleric; 10 VP,,,,6F 2W,"“Tymora’s faithful trust in luck, and
it’s lucky you came along.”",UM_Quest_11,UM_Quest_11,assets/cards/UM_Quest_11.webp,Key_RescueClericsofTymora,cards_quests_UM.lua,,,"{""zh_codex"": {""label"": ""中文校译"", ""source"": ""Codex quest translation using locked project terminology and local DND references, 2026-05-27"", ""name"": ""解救泰摩拉牧师"", ""card_text"": """", ""possible_lore_text"": ""“泰摩拉的信徒相信运气，而你正好赶来，真是幸运。”""}}",解救泰摩拉牧师,,“泰摩拉的信徒相信运气，而你正好赶来，真是幸运。”
quest,undermountain,Root Out Loviator's Faithful,piety,False,,,1 fighter; 1 wizard,15 VP,,,,F W 4?,"The cult of Loviatar has many secret
adherents.",UM_Quest_12,UM_Quest_12,assets/cards/UM_Quest_12.webp,Key_RootOutLoviatorsFaithful,cards_quests_UM.lua,,,"{""zh_codex"": {""label"": ""中文校译"", ""source"": ""Codex quest translation using locked project terminology and local DND references, 2026-05-27"", ""name"": ""根除劳薇艾塔信徒"", ""card_text"": """", ""possible_lore_text"": ""劳薇艾塔的邪教有许多秘密追随者。""}}",根除劳薇艾塔信徒,,劳薇艾塔的邪教有许多秘密追随者。
quest,undermountain,Break Into Blackstaff Tower,skullduggery,False,,,6 gold; 1 cleric; 7 rogue; 2 wizard,40 VP,,,,6G C 7R 2W,"More than a few thieves have died
attempting entry into the Tower.",UM_Quest_13,UM_Quest_13,assets/cards/UM_Quest_13.webp,Key_BreakIntoBlackstaffTower,cards_quests_UM.lua,,,"{""zh_codex"": {""label"": ""中文校译"", ""source"": ""Codex quest translation using locked project terminology and local DND references, 2026-05-27"", ""name"": ""潜入黑杖塔"", ""card_text"": """", ""possible_lore_text"": ""不止几个盗贼在试图闯入这座塔时丧命。""}}",潜入黑杖塔,,不止几个盗贼在试图闯入这座塔时丧命。
quest,undermountain,Defend the Lanceboard Room,skullduggery,False,,,10 gold; 3 fighter; 6 rogue; 1 wizard,12 VP,,,,10G 3F 6R W,"Those who enter the Lanceboard
Room
 must play its deadly game.",UM_Quest_14,UM_Quest_14,assets/cards/UM_Quest_14.webp,Key_DefendtheLanceboardRoom,cards_quests_UM.lua,,,"{""zh_codex"": {""label"": ""中文校译"", ""source"": ""Codex quest translation using locked project terminology and local DND references, 2026-05-27"", ""name"": ""保卫枪棋室"", ""card_text"": """", ""possible_lore_text"": ""进入枪棋室的人，必须参与它那致命的游戏。""}}",保卫枪棋室,,进入枪棋室的人，必须参与它那致命的游戏。
quest,undermountain,Survive Arcturia's Transformation,skullduggery,False,,,5 gold; 6 fighter,6 rogue; 6 VP,,,,5G 6F,"Halaster’s mad apprentice
often
 “improves” those
whom she does not slay.",UM_Quest_15,UM_Quest_15,assets/cards/UM_Quest_15.webp,Key_SurviveArcturiasTransformation,cards_quests_UM.lua,,,"{""zh_codex"": {""label"": ""中文校译"", ""source"": ""Codex quest translation using locked project terminology and local DND references, 2026-05-27"", ""name"": ""挺过阿克图莉亚的变形"", ""card_text"": """", ""possible_lore_text"": ""海拉斯特疯狂的学徒常会“改良”那些没被她杀掉的人。""}}",挺过阿克图莉亚的变形,,海拉斯特疯狂的学徒常会“改良”那些没被她杀掉的人。
quest,undermountain,Unleash Crime Spree,skullduggery,False,,,1 cleric; 1 fighter; 1 rogue; 1 wizard,12 VP,,,,C F R W,"The Xanathar has declared
open season on the city.",UM_Quest_16,UM_Quest_16,assets/cards/UM_Quest_16.webp,Key_UnleashCrimeSpree,cards_quests_UM.lua,,,"{""zh_codex"": {""label"": ""中文校译"", ""source"": ""Codex quest translation using locked project terminology and local DND references, 2026-05-27"", ""name"": ""掀起犯罪浪潮"", ""card_text"": """", ""possible_lore_text"": ""珊娜萨已经宣布，这座城市进入公开狩猎季。""}}",掀起犯罪浪潮,,珊娜萨已经宣布，这座城市进入公开狩猎季。
quest,undermountain,Battle in Muiral's Gauntlet,warfare,False,,,2 gold; 2 cleric; 7 fighter; 2 wizard,40 VP,,,,2G 2C 7F 2W,"Muiral waits in his arena for those
who brave his gauntlet, patient
as a spider in a web.",UM_Quest_17,UM_Quest_17,assets/cards/UM_Quest_17.webp,Key_BattleinMuiralsGauntlet,cards_quests_UM.lua,,,"{""zh_codex"": {""label"": ""中文校译"", ""source"": ""Codex quest translation using locked project terminology and local DND references, 2026-05-27"", ""name"": ""穆拉尔试炼场之战"", ""card_text"": """", ""possible_lore_text"": ""穆拉尔在他的斗场里等待那些敢闯试炼的人，耐心如同网中的蜘蛛。""}}",穆拉尔试炼场之战,,穆拉尔在他的斗场里等待那些敢闯试炼的人，耐心如同网中的蜘蛛。
quest,undermountain,Defend the Yawning Portal,warfare,False,,,3 cleric; 6 fighter; 1 rogue; 1 wizard,15 VP,,,,3C 6F R W,"“We filled the well with our own dead so
no more horrors could come through.”",UM_Quest_18,UM_Quest_18,assets/cards/UM_Quest_18.webp,Key_DefendtheYawningPortal,cards_quests_UM.lua,,,"{""zh_codex"": {""label"": ""中文校译"", ""source"": ""Codex quest translation using locked project terminology and local DND references, 2026-05-27"", ""name"": ""保卫哈欠门酒馆"", ""card_text"": """", ""possible_lore_text"": ""“我们用自己人的尸体填满了井，好让更多恐怖之物不能再从那里爬出来。”""}}",保卫哈欠门酒馆,,“我们用自己人的尸体填满了井，好让更多恐怖之物不能再从那里爬出来。”
quest,undermountain,Destroy a Temple of Selvetarm,warfare,False,,,2 gold; 1 cleric; 2 fighter,10 VP,,,,2G C 2F,"Male drow worship this spider god
as the
 warrior spirit of their people.",UM_Quest_19,UM_Quest_19,assets/cards/UM_Quest_19.webp,Key_DestroyaTempleofSelvetarm,cards_quests_UM.lua,,,"{""zh_codex"": {""label"": ""中文校译"", ""source"": ""Codex quest translation using locked project terminology and local DND references, 2026-05-27"", ""name"": ""摧毁席文塔姆神殿"", ""card_text"": """", ""possible_lore_text"": ""男性卓尔将这位蜘蛛神作为本族的战士精神来崇拜。""}}",摧毁席文塔姆神殿,,男性卓尔将这位蜘蛛神作为本族的战士精神来崇拜。
quest,undermountain,Wake the Six Sleepers,warfare,False,,,3 cleric; 3 rogue,6 fighter; 8 VP,,,,3C 3R,"The dwarves drank the wine of eternity,
and for a century they have slept.",UM_Quest_20,UM_Quest_20,assets/cards/UM_Quest_20.webp,Key_WaketheSixSleepers,cards_quests_UM.lua,,,"{""zh_codex"": {""label"": ""中文校译"", ""source"": ""Codex quest translation using locked project terminology and local DND references, 2026-05-27"", ""name"": ""唤醒六名沉睡者"", ""card_text"": """", ""possible_lore_text"": ""矮人们饮下了永恒之酒，已经沉睡了一个世纪。""}}",唤醒六名沉睡者,,矮人们饮下了永恒之酒，已经沉睡了一个世纪。
quest,undermountain,Establish Wizard Academy,arcana,True,,,1 cleric; 1 fighter; 3 rogue; 3 wizard,12 VP,,,,C F 3R 3W,"Those who seek to learn the Art often
agree to anything to uncover its secrets.",UM_Quest_21,UM_Quest_21,assets/cards/UM_Quest_21.webp,Key_EstablishWizardAcademy,cards_quests_UM.lua,,,"{""zh_codex"": {""label"": ""中文校译"", ""source"": ""Codex quest translation using locked project terminology and local DND references, 2026-05-27"", ""name"": ""建立法师学院"", ""card_text"": """", ""possible_lore_text"": ""追求学习魔艺的人，往往愿意答应任何条件，只为揭开它的秘密。""}}",建立法师学院,,追求学习魔艺的人，往往愿意答应任何条件，只为揭开它的秘密。
quest,undermountain,Study in the Librarium,arcana,True,,,5 gold; 2 rogue; 5 wizard,11 VP,,,,5G 2R 5W,"The Librarium is just one of
Halaster’s
 many reading rooms.",UM_Quest_22,UM_Quest_22,assets/cards/UM_Quest_22.webp,Key_StudyintheLibrarium,cards_quests_UM.lua,,,"{""zh_codex"": {""label"": ""中文校译"", ""source"": ""Codex quest translation using locked project terminology and local DND references, 2026-05-27"", ""name"": ""在藏书馆研习"", ""card_text"": """", ""possible_lore_text"": ""藏书馆只是海拉斯特众多阅览室之一。""}}",在藏书馆研习,,藏书馆只是海拉斯特众多阅览室之一。
quest,undermountain,Obtain Builders' Plans,commerce,True,,,10 gold; 2 fighter; 2 rogue; 1 wizard,13 VP,,,,10G 2F 2R W,"A trip to the Map House will get you the
floor plans of any building in the city.",UM_Quest_23,UM_Quest_23,assets/cards/UM_Quest_23.webp,Key_ObtainBuildersPlans,cards_quests_UM.lua,,,"{""zh_codex"": {""label"": ""中文校译"", ""source"": ""Codex quest translation using locked project terminology and local DND references, 2026-05-27"", ""name"": ""取得建筑图纸"", ""card_text"": """", ""possible_lore_text"": ""跑一趟地图屋，就能拿到城中任何建筑的平面图。""}}",取得建筑图纸,,跑一趟地图屋，就能拿到城中任何建筑的平面图。
quest,undermountain,Sponsor Bounty Hunters,commerce,True,,,6 gold; 1 cleric; 4 fighter; 3 rogue,12 VP,,,,6G C 4F 3R,"“Remember, I always get my cut.”",UM_Quest_24,UM_Quest_24,assets/cards/UM_Quest_24.webp,Key_SponsorBountyHunters,cards_quests_UM.lua,,,"{""zh_codex"": {""label"": ""中文校译"", ""source"": ""Codex quest translation using locked project terminology and local DND references, 2026-05-27"", ""name"": ""赞助赏金猎人"", ""card_text"": """", ""possible_lore_text"": ""“记住，我总要抽成。”""}}",赞助赏金猎人,,“记住，我总要抽成。”
quest,undermountain,Diplomatic Mission to Suzail,piety,True,,,3 gold; 3 cleric; 3 fighter,10 VP,,,,3G 3C 3F,"Diplomatic ties with the capital of
Cormyr afford many benefits.",UM_Quest_25,UM_Quest_25,assets/cards/UM_Quest_25.webp,Key_DiplomaticMissiontoSuzail,cards_quests_UM.lua,,,"{""zh_codex"": {""label"": ""中文校译"", ""source"": ""Codex quest translation using locked project terminology and local DND references, 2026-05-27"", ""name"": ""前往苏塞尔的外交任务"", ""card_text"": """", ""possible_lore_text"": ""与科米尔首都的外交联系能带来许多好处。""}}",前往苏塞尔的外交任务,,与科米尔首都的外交联系能带来许多好处。
quest,undermountain,Sanctify a Desecrated Temple,piety,True,,,5 gold; 4 cleric; 2 fighter,13 VP,,,,5G 4C 2F,"“Cyric’s lies cannot withstand
Lathander’s light.”",UM_Quest_26,UM_Quest_26,assets/cards/UM_Quest_26.webp,Key_SanctifyaDesecratedTemple,cards_quests_UM.lua,,,"{""zh_codex"": {""label"": ""中文校译"", ""source"": ""Codex quest translation using locked project terminology and local DND references, 2026-05-27"", ""name"": ""圣化被亵渎的神殿"", ""card_text"": """", ""possible_lore_text"": ""“希瑞克的谎言无法抵挡洛山达之光。”""}}",圣化被亵渎的神殿,,“希瑞克的谎言无法抵挡洛山达之光。”
quest,undermountain,Ally with the Xanathar's Guild,skullduggery,True,,,5 gold; 2 fighter; 5 rogue; 1 wizard,10 VP,,,,5G 2F 5R W,"The Xanathar has eyes on all the
action in the underworld.",UM_Quest_27,UM_Quest_27,assets/cards/UM_Quest_27.webp,Key_AllywiththeXanatharsGuild,cards_quests_UM.lua,,,"{""zh_codex"": {""label"": ""中文校译"", ""source"": ""Codex quest translation using locked project terminology and local DND references, 2026-05-27"", ""name"": ""与珊娜萨公会结盟"", ""card_text"": """", ""possible_lore_text"": ""珊娜萨密切注视着地下世界的一切行动。""}}",与珊娜萨公会结盟,,珊娜萨密切注视着地下世界的一切行动。
quest,undermountain,Impersonate Tax Collector,skullduggery,True,,,5 gold; 1 fighter; 4 rogue; 1 wizard,9 VP,,,,5G F 4R W,"Taxes aren’t so bad when you
pay them to yourself.",UM_Quest_28,UM_Quest_28,assets/cards/UM_Quest_28.webp,Key_ImpersonateTaxCollector,cards_quests_UM.lua,,,"{""zh_codex"": {""label"": ""中文校译"", ""source"": ""Codex quest translation using locked project terminology and local DND references, 2026-05-27"", ""name"": ""冒充税务官"", ""card_text"": """", ""possible_lore_text"": ""当税款交到你自己手里时，纳税也没那么糟。""}}",冒充税务官,,当税款交到你自己手里时，纳税也没那么糟。
quest,undermountain,Recover the Flame of the North,warfare,True,,,3 gold; 5 fighter; 3 rogue; 1 wizard,10 VP,,,,3G 5F 3R W,"“Lay hand to sword and it is thine,
The Flame of The
 North—
but beware, for death is very close to thee.”",UM_Quest_29,UM_Quest_29,assets/cards/UM_Quest_29.webp,Key_RecovertheFlameoftheNorth,cards_quests_UM.lua,,,"{""zh_codex"": {""label"": ""中文校译"", ""source"": ""Codex quest translation using locked project terminology and local DND references, 2026-05-27"", ""name"": ""夺回北地圣焰"", ""card_text"": """", ""possible_lore_text"": ""“手握剑柄，剑便属于你。北地圣焰亦然。但当心，死亡已近在咫尺。”""}}",夺回北地圣焰,,“手握剑柄，剑便属于你。北地圣焰亦然。但当心，死亡已近在咫尺。”
quest,undermountain,Seize Citadel of the Bloody Hand,warfare,True,,,1 cleric; 4 fighter; 2 wizard,6 VP,,,,C 4F 2W,"Once conquered, the Citadel makes
a safe redoubt for explorers.",UM_Quest_30,UM_Quest_30,assets/cards/UM_Quest_30.webp,Key_SeizeCitadeloftheBloodyHand,cards_quests_UM.lua,,,"{""zh_codex"": {""label"": ""中文校译"", ""source"": ""Codex quest translation using locked project terminology and local DND references, 2026-05-27"", ""name"": ""夺取血手堡垒"", ""card_text"": """", ""possible_lore_text"": ""一旦征服，堡垒就会成为探索者安全的据点。""}}",夺取血手堡垒,,一旦征服，堡垒就会成为探索者安全的据点。
